control_event_id,building_id,timestamp_start,timestamp_end,control_type,control_magnitude,trigger_type
CE_0D015709AF83,BLDG_4147382781AC,2023-05-07 21:00:00,2023-05-07 22:43:14.421601,hvac_reset,0.133,system_fault
CE_FB887F24DBAB,BLDG_4147382781AC,2023-05-21 10:00:00,2023-05-21 13:37:26.101926,load_shedding,0.107,manual_override
CE_33B050EAE3BD,BLDG_4147382781AC,2023-09-10 10:00:00,2023-09-10 12:41:53.855494,lighting_dimming,0.122,weather_condition
CE_1646B61B1E5A,BLDG_4147382781AC,2023-02-18 12:00:00,2023-02-18 15:23:30.777722,lighting_dimming,0.242,tariff_response
CE_833EA82ED12A,BLDG_4147382781AC,2023-03-31 17:00:00,2023-03-31 19:56:26.868505,lighting_dimming,0.311,weather_condition
CE_FE1B7FE14B09,BLDG_4147382781AC,2023-06-05 21:00:00,2023-06-05 23:12:33.306421,load_shedding,0.26,system_fault
CE_AD6B1570D4E4,BLDG_4147382781AC,2023-01-11 20:00:00,2023-01-11 21:36:32.950187,load_shedding,0.379,system_fault
CE_1C9B3EAE7E21,BLDG_4147382781AC,2023-11-28 12:00:00,2023-11-28 15:52:14.085074,lighting_dimming,0.193,manual_override
CE_72FEFF817CA2,BLDG_7B914089B781,2023-08-21 21:00:00,2023-08-22 00:20:24.251226,setpoint_adjustment,0.375,weather_condition
CE_2387B72BA2CE,BLDG_7B914089B781,2023-06-25 12:00:00,2023-06-25 13:43:24.193472,lighting_dimming,0.273,weather_condition
CE_D1B2BB5D7ADB,BLDG_7B914089B781,2023-08-02 20:00:00,2023-08-02 22:59:12.177383,hvac_reset,0.256,weather_condition
CE_E564A33086EE,BLDG_7B914089B781,2023-02-06 18:00:00,2023-02-06 18:47:53.044397,lighting_dimming,0.205,manual_override
CE_374F7428E1E0,BLDG_7B914089B781,2023-12-20 19:00:00,2023-12-20 21:27:24.204834,lighting_dimming,0.336,weather_condition
CE_A6DC00A26653,BLDG_7B914089B781,2023-02-19 19:00:00,2023-02-19 22:37:07.965605,setpoint_adjustment,0.322,weather_condition
CE_84BDDC85F8DC,BLDG_7B914089B781,2023-01-31 09:00:00,2023-01-31 12:09:32.417519,lighting_dimming,0.105,weather_condition
CE_923D1F6D45DB,BLDG_7B914089B781,2023-12-04 08:00:00,2023-12-04 09:57:01.525287,hvac_reset,0.174,tariff_response
CE_2288963796EE,BLDG_7B914089B781,2023-09-21 11:00:00,2023-09-21 13:13:00.371212,lighting_dimming,0.169,manual_override
CE_0F21F2B619FC,BLDG_7B914089B781,2023-06-13 18:00:00,2023-06-13 19:55:56.257997,hvac_reset,0.054,manual_override
CE_C436FD3CEB87,BLDG_7B914089B781,2023-09-05 10:00:00,2023-09-05 11:36:23.959594,lighting_dimming,0.214,tariff_response
CE_A77ABC649B91,BLDG_7B914089B781,2023-04-12 10:00:00,2023-04-12 11:31:31.889281,load_shedding,0.253,manual_override
CE_BCE38F86C6EA,BLDG_7B914089B781,2023-09-09 08:00:00,2023-09-09 08:53:24.346591,load_shedding,0.332,manual_override
CE_E3CACF0D01D7,BLDG_7B914089B781,2023-02-22 19:00:00,2023-02-22 22:56:20.378139,hvac_reset,0.091,manual_override
CE_D831245A99DC,BLDG_7B914089B781,2023-01-27 19:00:00,2023-01-27 22:58:51.516179,setpoint_adjustment,0.063,manual_override
CE_2CDA484808E8,BLDG_7B914089B781,2023-02-22 08:00:00,2023-02-22 10:18:31.221183,load_shedding,0.314,weather_condition
CE_D01250F43FAE,BLDG_7B914089B781,2023-09-15 09:00:00,2023-09-15 11:20:07.353481,hvac_reset,0.397,weather_condition
CE_ACC906981404,BLDG_7B914089B781,2023-03-28 09:00:00,2023-03-28 12:30:08.998981,hvac_reset,0.147,weather_condition
CE_284AEA948A73,BLDG_7B914089B781,2023-02-10 20:00:00,2023-02-10 20:57:13.438444,setpoint_adjustment,0.252,system_fault
CE_3B523B9F10BF,BLDG_7B914089B781,2023-10-26 08:00:00,2023-10-26 09:23:56.228804,load_shedding,0.157,weather_condition
CE_48D2BA8D4E4E,BLDG_7B914089B781,2023-07-04 10:00:00,2023-07-04 12:42:51.899205,setpoint_adjustment,0.263,tariff_response
CE_D05AA734674F,BLDG_7B914089B781,2023-08-09 11:00:00,2023-08-09 12:47:09.798869,setpoint_adjustment,0.375,system_fault
CE_7512BB334DEA,BLDG_7B914089B781,2023-08-27 11:00:00,2023-08-27 12:14:20.483515,setpoint_adjustment,0.089,tariff_response
CE_B2A9688052A5,BLDG_7B914089B781,2023-08-06 21:00:00,2023-08-06 22:02:33.538506,lighting_dimming,0.397,manual_override
CE_D2DC1A45C47D,BLDG_7B914089B781,2023-04-22 08:00:00,2023-04-22 09:27:35.934784,hvac_reset,0.185,system_fault
CE_C30E88379A81,BLDG_391E1A9D2E49,2023-01-23 11:00:00,2023-01-23 12:08:41.631173,setpoint_adjustment,0.221,system_fault
CE_280A004A9B0B,BLDG_391E1A9D2E49,2023-03-21 10:00:00,2023-03-21 11:04:11.350009,hvac_reset,0.208,manual_override
CE_E250E74669A3,BLDG_391E1A9D2E49,2023-04-12 08:00:00,2023-04-12 09:29:52.322009,setpoint_adjustment,0.293,tariff_response
CE_B879EF2FE0B7,BLDG_391E1A9D2E49,2023-11-18 10:00:00,2023-11-18 11:03:03.783382,load_shedding,0.362,system_fault
CE_E04F773F0606,BLDG_391E1A9D2E49,2023-09-27 10:00:00,2023-09-27 11:28:41.318038,load_shedding,0.256,weather_condition
CE_60559209777C,BLDG_391E1A9D2E49,2023-11-05 12:00:00,2023-11-05 14:22:56.621253,load_shedding,0.139,tariff_response
CE_0E521C4F08EC,BLDG_391E1A9D2E49,2023-12-29 12:00:00,2023-12-29 15:39:05.457606,load_shedding,0.135,tariff_response
CE_907FB2D5CC18,BLDG_391E1A9D2E49,2023-06-25 12:00:00,2023-06-25 13:54:09.387756,lighting_dimming,0.377,system_fault
CE_DD8825383806,BLDG_391E1A9D2E49,2023-05-05 21:00:00,2023-05-05 22:14:50.953101,lighting_dimming,0.277,system_fault
CE_8C88C92DBCB4,BLDG_353D16F54302,2023-06-04 11:00:00,2023-06-04 11:43:07.026468,setpoint_adjustment,0.289,tariff_response
CE_BE70A29547FB,BLDG_353D16F54302,2023-05-24 21:00:00,2023-05-24 22:33:43.648202,load_shedding,0.129,manual_override
CE_5A150C45FC7E,BLDG_353D16F54302,2023-10-14 10:00:00,2023-10-14 12:13:30.810459,setpoint_adjustment,0.137,system_fault
CE_CE5A234B7B6D,BLDG_353D16F54302,2023-03-30 19:00:00,2023-03-30 22:56:24.514610,lighting_dimming,0.099,weather_condition
CE_CFBD71E365DA,BLDG_353D16F54302,2023-08-31 20:00:00,2023-08-31 22:33:58.117632,lighting_dimming,0.261,tariff_response
CE_7D2C935F59E3,BLDG_353D16F54302,2023-02-27 19:00:00,2023-02-27 21:05:20.383963,hvac_reset,0.141,tariff_response
CE_502D07258B8E,BLDG_353D16F54302,2023-07-25 17:00:00,2023-07-25 17:53:54.825615,setpoint_adjustment,0.128,tariff_response
CE_79F3025AD380,BLDG_353D16F54302,2023-01-31 21:00:00,2023-01-31 22:19:18.449491,setpoint_adjustment,0.386,tariff_response
CE_13F1F0BEE2A7,BLDG_C85DFC431E68,2023-11-12 11:00:00,2023-11-12 12:00:54.870815,setpoint_adjustment,0.06,manual_override
CE_EAB12E8CDF91,BLDG_C85DFC431E68,2023-10-07 21:00:00,2023-10-07 21:50:12.750775,setpoint_adjustment,0.056,system_fault
CE_51E5A9EBBC48,BLDG_C85DFC431E68,2023-01-04 21:00:00,2023-01-04 21:54:12.139047,lighting_dimming,0.071,manual_override
CE_2847D8D922B1,BLDG_C85DFC431E68,2023-11-10 19:00:00,2023-11-10 20:25:48.148589,load_shedding,0.169,tariff_response
CE_DEED335EB486,BLDG_C85DFC431E68,2023-12-12 19:00:00,2023-12-12 21:38:34.045117,lighting_dimming,0.137,tariff_response
CE_DBF1A9578BFD,BLDG_C85DFC431E68,2023-02-17 11:00:00,2023-02-17 11:49:13.703777,setpoint_adjustment,0.391,weather_condition
CE_FB07CFC6EEB9,BLDG_C85DFC431E68,2023-09-12 11:00:00,2023-09-12 13:40:23.072383,load_shedding,0.332,weather_condition
CE_47DC78410ED5,BLDG_C85DFC431E68,2023-07-07 19:00:00,2023-07-07 21:06:05.054085,lighting_dimming,0.358,system_fault
CE_F822ED88CC2A,BLDG_C85DFC431E68,2023-08-11 19:00:00,2023-08-11 22:21:51.134493,load_shedding,0.384,tariff_response
CE_FCCE307CC809,BLDG_C85DFC431E68,2023-03-20 09:00:00,2023-03-20 09:57:42.134029,setpoint_adjustment,0.189,tariff_response
CE_33B0231DB949,BLDG_C85DFC431E68,2023-11-13 10:00:00,2023-11-13 12:41:58.093292,load_shedding,0.29,system_fault
CE_A7C2EE245D39,BLDG_C85DFC431E68,2023-09-28 20:00:00,2023-09-28 21:20:11.301979,lighting_dimming,0.306,weather_condition
CE_7206E734C2B0,BLDG_C85DFC431E68,2023-08-27 20:00:00,2023-08-27 23:01:53.558245,load_shedding,0.307,tariff_response
CE_7D9956976C4B,BLDG_C85DFC431E68,2023-07-26 20:00:00,2023-07-26 20:46:08.576639,setpoint_adjustment,0.09,weather_condition
CE_0D91C9B69306,BLDG_C85DFC431E68,2023-03-28 11:00:00,2023-03-28 12:15:58.253380,lighting_dimming,0.331,weather_condition
CE_C59D461E14AA,BLDG_C85DFC431E68,2023-12-21 20:00:00,2023-12-21 20:39:55.144613,lighting_dimming,0.294,manual_override
CE_1652C253B2B9,BLDG_C85DFC431E68,2023-04-10 09:00:00,2023-04-10 12:57:53.989302,load_shedding,0.334,manual_override
CE_721A68CCE26F,BLDG_C85DFC431E68,2023-04-19 21:00:00,2023-04-19 22:27:54.608993,load_shedding,0.258,tariff_response
CE_5557EBE1E600,BLDG_C85DFC431E68,2023-02-01 11:00:00,2023-02-01 14:24:05.163067,load_shedding,0.297,tariff_response
CE_F531619EF099,BLDG_C85DFC431E68,2023-02-28 18:00:00,2023-02-28 20:00:47.721416,setpoint_adjustment,0.328,manual_override
CE_E21AFEF20212,BLDG_3EA6E790CB36,2023-04-03 19:00:00,2023-04-03 21:34:19.178763,setpoint_adjustment,0.11,manual_override
CE_74869E9069BF,BLDG_3EA6E790CB36,2023-10-24 20:00:00,2023-10-24 23:10:01.339713,setpoint_adjustment,0.213,weather_condition
CE_6718D282A18F,BLDG_3EA6E790CB36,2023-11-24 21:00:00,2023-11-25 00:56:19.453208,lighting_dimming,0.172,manual_override
CE_5BEABBC03CDD,BLDG_3EA6E790CB36,2023-07-22 11:00:00,2023-07-22 14:31:09.760546,setpoint_adjustment,0.132,tariff_response
CE_A6D7452FAF48,BLDG_3EA6E790CB36,2023-11-27 19:00:00,2023-11-27 21:20:12.266264,lighting_dimming,0.367,tariff_response
CE_88C85044345B,BLDG_3EA6E790CB36,2023-02-24 19:00:00,2023-02-24 22:54:45.560571,load_shedding,0.065,system_fault
CE_E8ED30BDBCAA,BLDG_3EA6E790CB36,2023-06-23 09:00:00,2023-06-23 12:57:51.668741,lighting_dimming,0.157,manual_override
CE_9CED16D00E90,BLDG_3EA6E790CB36,2023-07-12 10:00:00,2023-07-12 11:23:26.017050,hvac_reset,0.088,manual_override
CE_0DD5C1B0B48C,BLDG_3EA6E790CB36,2023-04-14 18:00:00,2023-04-14 21:54:08.957925,load_shedding,0.192,tariff_response
CE_4EB871DB0183,BLDG_3EA6E790CB36,2023-02-15 10:00:00,2023-02-15 12:20:50.043098,hvac_reset,0.295,manual_override
CE_3E0BCF935AA5,BLDG_3EA6E790CB36,2023-04-15 09:00:00,2023-04-15 12:57:57.387031,lighting_dimming,0.275,tariff_response
CE_8FA8D2C2DDAB,BLDG_3EA6E790CB36,2023-02-16 11:00:00,2023-02-16 13:28:16.471475,hvac_reset,0.395,tariff_response
CE_F501F2F49608,BLDG_3EA6E790CB36,2023-04-22 18:00:00,2023-04-22 20:59:03.111675,setpoint_adjustment,0.159,manual_override
CE_19DDE3789D0A,BLDG_3EA6E790CB36,2023-06-27 19:00:00,2023-06-27 20:02:13.959017,load_shedding,0.249,manual_override
CE_E537DF21DCB5,BLDG_3EA6E790CB36,2023-08-30 21:00:00,2023-08-30 23:31:49.219140,load_shedding,0.202,manual_override
CE_49C77D7460F6,BLDG_3EA6E790CB36,2023-08-03 18:00:00,2023-08-03 18:42:27.405680,load_shedding,0.336,weather_condition
CE_EFA21D85B0F6,BLDG_3EA6E790CB36,2023-08-28 19:00:00,2023-08-28 20:06:31.861906,lighting_dimming,0.324,weather_condition
CE_C873CE3598A7,BLDG_3EA6E790CB36,2023-05-09 09:00:00,2023-05-09 10:19:25.972133,setpoint_adjustment,0.285,tariff_response
CE_452E5D22F1A4,BLDG_3EA6E790CB36,2023-10-31 11:00:00,2023-10-31 14:19:38.519255,lighting_dimming,0.169,weather_condition
CE_0E18300CC10E,BLDG_3EA6E790CB36,2023-08-25 11:00:00,2023-08-25 12:02:01.998507,setpoint_adjustment,0.298,tariff_response
CE_3294D5EF6ECC,BLDG_3EA6E790CB36,2023-12-24 20:00:00,2023-12-24 23:58:47.861390,setpoint_adjustment,0.193,system_fault
CE_BFE65E888379,BLDG_3EA6E790CB36,2023-11-12 19:00:00,2023-11-12 21:34:43.624957,hvac_reset,0.114,weather_condition
CE_DD86A0E09D3C,BLDG_3EA6E790CB36,2023-12-03 20:00:00,2023-12-03 23:23:14.324803,load_shedding,0.144,tariff_response
CE_AA1A94A9BBC3,BLDG_3EA6E790CB36,2023-10-13 10:00:00,2023-10-13 10:32:48.121295,setpoint_adjustment,0.249,weather_condition
CE_20CBAC4BF7A7,BLDG_3EA6E790CB36,2023-06-10 11:00:00,2023-06-10 13:45:10.717268,setpoint_adjustment,0.079,weather_condition
CE_5DA663C31CB6,BLDG_3EA6E790CB36,2023-08-31 11:00:00,2023-08-31 12:28:41.469409,hvac_reset,0.225,weather_condition
CE_87949B6A443F,BLDG_3EA6E790CB36,2023-04-16 18:00:00,2023-04-16 19:41:47.992555,load_shedding,0.279,system_fault
CE_55AEBE1363BF,BLDG_3EA6E790CB36,2023-10-17 20:00:00,2023-10-17 23:25:55.433877,hvac_reset,0.383,weather_condition
CE_4248FB28AC83,BLDG_3EA6E790CB36,2023-12-30 18:00:00,2023-12-30 19:40:18.816547,hvac_reset,0.14,manual_override
CE_CDB401FBB603,BLDG_3EA6E790CB36,2023-04-16 18:00:00,2023-04-16 18:50:14.188356,setpoint_adjustment,0.264,tariff_response
CE_D904767B00BE,BLDG_BB96B7FB1456,2023-11-05 10:00:00,2023-11-05 10:47:20.241464,lighting_dimming,0.168,manual_override
CE_9B3017F5C350,BLDG_BB96B7FB1456,2023-07-05 21:00:00,2023-07-05 23:04:19.554534,lighting_dimming,0.273,manual_override
CE_D1B073DF021B,BLDG_BB96B7FB1456,2023-01-17 11:00:00,2023-01-17 13:22:39.524405,setpoint_adjustment,0.221,tariff_response
CE_8CE0495AE07C,BLDG_BB96B7FB1456,2023-11-14 10:00:00,2023-11-14 12:24:00.265637,setpoint_adjustment,0.101,system_fault
CE_2C7F73F5F46F,BLDG_BB96B7FB1456,2023-07-21 20:00:00,2023-07-21 23:10:03.020211,load_shedding,0.064,system_fault
CE_8C3643941B1C,BLDG_BB96B7FB1456,2023-05-22 19:00:00,2023-05-22 21:31:15.128177,load_shedding,0.305,weather_condition
CE_FE3926D66BC1,BLDG_BB96B7FB1456,2023-02-11 09:00:00,2023-02-11 12:13:59.899614,hvac_reset,0.378,tariff_response
CE_2A7DC6340322,BLDG_BB96B7FB1456,2023-11-25 20:00:00,2023-11-25 21:58:35.779904,setpoint_adjustment,0.276,system_fault
CE_602EDA738FFC,BLDG_BB96B7FB1456,2023-12-09 11:00:00,2023-12-09 12:33:23.954225,lighting_dimming,0.349,tariff_response
CE_B57229C9E138,BLDG_BB96B7FB1456,2023-08-08 11:00:00,2023-08-08 12:29:26.619050,lighting_dimming,0.268,weather_condition
CE_B52EBCA159EF,BLDG_BB96B7FB1456,2023-10-01 20:00:00,2023-10-01 22:52:02.864364,load_shedding,0.29,tariff_response
CE_312C126D2B03,BLDG_BB96B7FB1456,2023-06-17 11:00:00,2023-06-17 11:50:18.584497,lighting_dimming,0.179,weather_condition
CE_3B7BE1CC4490,BLDG_BB96B7FB1456,2023-02-26 09:00:00,2023-02-26 11:29:26.193896,load_shedding,0.302,system_fault
CE_5CD765B468EB,BLDG_BB96B7FB1456,2023-12-11 11:00:00,2023-12-11 11:37:57.764152,load_shedding,0.364,system_fault
CE_F3959760EF48,BLDG_BB96B7FB1456,2023-12-14 18:00:00,2023-12-14 18:48:21.595705,load_shedding,0.388,manual_override
CE_DCB9E76F22BD,BLDG_BB96B7FB1456,2023-09-29 11:00:00,2023-09-29 12:51:38.658444,hvac_reset,0.202,system_fault
CE_7E8E02B809B0,BLDG_BB96B7FB1456,2023-02-04 18:00:00,2023-02-04 18:54:37.171345,hvac_reset,0.143,manual_override
CE_41DB93AA4B05,BLDG_BB96B7FB1456,2023-02-13 20:00:00,2023-02-13 21:07:24.143554,hvac_reset,0.17,manual_override
CE_B8E46B6F2407,BLDG_BB96B7FB1456,2023-07-28 10:00:00,2023-07-28 11:16:33.448302,setpoint_adjustment,0.254,system_fault
CE_2C50796B1EEB,BLDG_BB96B7FB1456,2023-05-13 18:00:00,2023-05-13 19:33:53.339561,setpoint_adjustment,0.093,system_fault
CE_6837FB703978,BLDG_BB96B7FB1456,2023-04-26 10:00:00,2023-04-26 11:03:18.352543,load_shedding,0.303,weather_condition
CE_42D7AE0AE034,BLDG_BB96B7FB1456,2023-04-22 11:00:00,2023-04-22 13:15:04.102538,setpoint_adjustment,0.145,tariff_response
CE_29435480DE70,BLDG_2137A5E3B876,2023-08-14 10:00:00,2023-08-14 13:20:03.878274,hvac_reset,0.102,system_fault
CE_D93D50942AE5,BLDG_2137A5E3B876,2023-06-06 18:00:00,2023-06-06 21:09:35.620761,setpoint_adjustment,0.199,tariff_response
CE_CBD942853381,BLDG_2137A5E3B876,2023-03-11 09:00:00,2023-03-11 10:58:11.141093,setpoint_adjustment,0.057,system_fault
CE_98EE59DFA0BA,BLDG_2137A5E3B876,2023-10-26 21:00:00,2023-10-26 23:49:32.776402,load_shedding,0.267,weather_condition
CE_5597548990CC,BLDG_2137A5E3B876,2023-12-12 18:00:00,2023-12-12 20:06:02.407121,load_shedding,0.392,weather_condition
CE_C74D9431E3F0,BLDG_2137A5E3B876,2023-06-03 11:00:00,2023-06-03 12:32:32.951426,lighting_dimming,0.222,manual_override
CE_D462D10ADC41,BLDG_2137A5E3B876,2023-01-29 19:00:00,2023-01-29 20:43:11.414842,setpoint_adjustment,0.22,weather_condition
CE_C3CA0C274997,BLDG_2137A5E3B876,2023-12-22 21:00:00,2023-12-22 23:04:45.618068,setpoint_adjustment,0.369,tariff_response
CE_DBB23E33BE21,BLDG_2137A5E3B876,2023-05-16 09:00:00,2023-05-16 12:01:17.626415,load_shedding,0.148,manual_override
CE_0C436B92D4E4,BLDG_2137A5E3B876,2023-02-15 11:00:00,2023-02-15 13:48:04.722535,lighting_dimming,0.066,tariff_response
CE_C0741DD93B6D,BLDG_2137A5E3B876,2023-02-17 09:00:00,2023-02-17 12:28:07.172842,setpoint_adjustment,0.24,weather_condition
CE_21CA70FA373A,BLDG_2137A5E3B876,2023-06-20 10:00:00,2023-06-20 10:48:51.643064,setpoint_adjustment,0.264,weather_condition
CE_B81A73980F6F,BLDG_2137A5E3B876,2023-08-29 19:00:00,2023-08-29 20:19:25.684988,setpoint_adjustment,0.202,manual_override
CE_7079E490C57E,BLDG_2137A5E3B876,2023-05-27 19:00:00,2023-05-27 19:57:14.459538,lighting_dimming,0.258,weather_condition
CE_204342E6162A,BLDG_2137A5E3B876,2023-03-26 20:00:00,2023-03-26 21:59:13.711570,setpoint_adjustment,0.1,tariff_response
CE_72E0C878F317,BLDG_2137A5E3B876,2023-03-04 09:00:00,2023-03-04 09:33:30.049207,hvac_reset,0.222,manual_override
CE_2EE92082025A,BLDG_2137A5E3B876,2023-11-22 19:00:00,2023-11-22 21:51:14.058903,load_shedding,0.376,system_fault
CE_801CE537B93E,BLDG_2137A5E3B876,2023-05-10 20:00:00,2023-05-10 23:35:03.573857,lighting_dimming,0.379,system_fault
CE_05F3AD5BCF9B,BLDG_22A30FDCEC09,2023-10-03 09:00:00,2023-10-03 12:44:49.586395,hvac_reset,0.245,tariff_response
CE_FFA104D4515A,BLDG_22A30FDCEC09,2023-11-17 21:00:00,2023-11-17 22:08:16.962716,lighting_dimming,0.115,weather_condition
CE_7ED64F61E7EE,BLDG_22A30FDCEC09,2023-09-09 18:00:00,2023-09-09 21:49:08.434467,lighting_dimming,0.231,weather_condition
CE_9138EAC602A4,BLDG_22A30FDCEC09,2023-05-06 09:00:00,2023-05-06 12:57:21.540601,lighting_dimming,0.291,tariff_response
CE_DF771F3BD6EF,BLDG_22A30FDCEC09,2023-08-12 09:00:00,2023-08-12 11:14:53.376234,hvac_reset,0.237,tariff_response
CE_488E69E8AAD3,BLDG_22A30FDCEC09,2023-06-22 21:00:00,2023-06-23 00:19:39.166128,load_shedding,0.275,tariff_response
CE_7E768934DB7C,BLDG_22A30FDCEC09,2023-08-22 11:00:00,2023-08-22 13:55:55.588416,lighting_dimming,0.115,weather_condition
CE_5B41A629329B,BLDG_22A30FDCEC09,2023-07-03 21:00:00,2023-07-03 23:04:14.623895,setpoint_adjustment,0.093,manual_override
CE_0636ACA5229C,BLDG_22A30FDCEC09,2023-01-14 09:00:00,2023-01-14 11:29:16.827921,lighting_dimming,0.289,weather_condition
CE_04BE06A1A81E,BLDG_22A30FDCEC09,2023-03-04 09:00:00,2023-03-04 09:57:08.000156,setpoint_adjustment,0.184,weather_condition
CE_D8F9C66BB698,BLDG_22A30FDCEC09,2023-02-21 11:00:00,2023-02-21 11:31:35.661235,hvac_reset,0.231,tariff_response
CE_12A8EA45A778,BLDG_22A30FDCEC09,2023-09-15 21:00:00,2023-09-15 22:10:25.604034,load_shedding,0.276,weather_condition
CE_D4950E7844EE,BLDG_F090925C23CB,2023-09-02 18:00:00,2023-09-02 18:33:49.310832,hvac_reset,0.323,system_fault
CE_DC721C96FEDA,BLDG_F090925C23CB,2023-09-24 11:00:00,2023-09-24 12:18:59.942948,setpoint_adjustment,0.279,manual_override
CE_B55A4A9D6D31,BLDG_F090925C23CB,2023-08-16 19:00:00,2023-08-16 22:37:51.712341,setpoint_adjustment,0.311,weather_condition
CE_259B6A4AA9A7,BLDG_F090925C23CB,2023-11-14 18:00:00,2023-11-14 21:45:40.285155,setpoint_adjustment,0.291,manual_override
CE_411C8BFF6672,BLDG_F090925C23CB,2023-04-22 09:00:00,2023-04-22 10:58:21.775132,setpoint_adjustment,0.321,weather_condition
CE_5E9643CF2517,BLDG_F090925C23CB,2023-10-09 10:00:00,2023-10-09 12:20:07.755517,setpoint_adjustment,0.195,weather_condition
CE_F74F915797CB,BLDG_F090925C23CB,2023-04-20 10:00:00,2023-04-20 12:52:36.627433,hvac_reset,0.326,tariff_response
CE_751EA53C4171,BLDG_F090925C23CB,2023-06-27 19:00:00,2023-06-27 20:59:59.622059,load_shedding,0.292,weather_condition
CE_99C30E77F627,BLDG_F090925C23CB,2023-06-28 21:00:00,2023-06-28 22:19:00.719352,lighting_dimming,0.364,system_fault
CE_F65E386A1BD0,BLDG_F090925C23CB,2023-08-02 10:00:00,2023-08-02 13:26:27.322478,load_shedding,0.157,weather_condition
CE_628A3A5B0517,BLDG_F090925C23CB,2023-08-13 18:00:00,2023-08-13 19:15:59.672041,hvac_reset,0.145,weather_condition
CE_8AE4E6F97AC9,BLDG_F090925C23CB,2023-11-29 10:00:00,2023-11-29 12:46:38.266997,setpoint_adjustment,0.175,manual_override
CE_A3DADB638D9F,BLDG_F090925C23CB,2023-07-14 21:00:00,2023-07-14 22:04:56.467854,load_shedding,0.091,system_fault
CE_FCF791D05DD2,BLDG_F090925C23CB,2023-11-05 11:00:00,2023-11-05 11:57:42.473805,setpoint_adjustment,0.109,system_fault
CE_C5984A342D19,BLDG_F090925C23CB,2023-03-19 10:00:00,2023-03-19 10:55:21.396129,lighting_dimming,0.069,tariff_response
CE_02929D81E66C,BLDG_F090925C23CB,2023-04-16 19:00:00,2023-04-16 20:40:12.466898,setpoint_adjustment,0.099,tariff_response
CE_8822139281C8,BLDG_F090925C23CB,2023-05-21 21:00:00,2023-05-21 22:00:03.528056,lighting_dimming,0.256,tariff_response
CE_70ED6C2628B5,BLDG_F090925C23CB,2023-07-07 11:00:00,2023-07-07 13:33:30.659328,setpoint_adjustment,0.303,tariff_response
CE_DAEFC55FCA5C,BLDG_F090925C23CB,2023-06-07 20:00:00,2023-06-07 22:52:28.677911,lighting_dimming,0.1,tariff_response
CE_C1F1A9E9DD7D,BLDG_F090925C23CB,2023-06-30 21:00:00,2023-06-30 23:17:05.938080,setpoint_adjustment,0.219,system_fault
CE_CF1A06A3F5D0,BLDG_F090925C23CB,2023-03-09 11:00:00,2023-03-09 14:02:24.348969,setpoint_adjustment,0.09,weather_condition
CE_602D0EACD4E2,BLDG_F090925C23CB,2023-05-29 20:00:00,2023-05-29 22:25:42.560756,lighting_dimming,0.338,tariff_response
CE_4E20E0C833C6,BLDG_F090925C23CB,2023-08-19 09:00:00,2023-08-19 11:53:36.231206,lighting_dimming,0.354,weather_condition
CE_353D638CF5B4,BLDG_F090925C23CB,2023-06-21 18:00:00,2023-06-21 19:26:34.775818,load_shedding,0.127,tariff_response
CE_456E6145DF10,BLDG_F090925C23CB,2023-05-21 21:00:00,2023-05-21 21:51:38.572693,hvac_reset,0.201,weather_condition
CE_08013F9F5768,BLDG_F090925C23CB,2023-12-03 19:00:00,2023-12-03 21:09:29.280420,load_shedding,0.304,weather_condition
CE_0E008A758AB0,BLDG_F090925C23CB,2023-03-09 19:00:00,2023-03-09 21:23:12.470198,setpoint_adjustment,0.27,system_fault
CE_5FCECEDBBEFB,BLDG_F090925C23CB,2023-01-05 10:00:00,2023-01-05 12:07:55.936527,load_shedding,0.216,system_fault
CE_E3CED114D5A7,BLDG_F090925C23CB,2023-09-27 10:00:00,2023-09-27 12:11:08.793347,load_shedding,0.283,weather_condition
CE_69A28B8ADF27,BLDG_B6C414BCBB68,2023-10-18 10:00:00,2023-10-18 11:38:39.376473,lighting_dimming,0.259,system_fault
CE_740C844EF6BE,BLDG_B6C414BCBB68,2023-01-02 18:00:00,2023-01-02 19:13:30.901254,load_shedding,0.248,weather_condition
CE_FF30EEB6E476,BLDG_B6C414BCBB68,2023-07-27 09:00:00,2023-07-27 11:52:40.375107,lighting_dimming,0.229,weather_condition
CE_B3B27C58E80A,BLDG_B6C414BCBB68,2023-01-30 19:00:00,2023-01-30 22:25:25.489702,setpoint_adjustment,0.345,manual_override
CE_BD49C71C1695,BLDG_B6C414BCBB68,2023-03-28 09:00:00,2023-03-28 12:16:04.694306,lighting_dimming,0.234,system_fault
CE_05CBC630E7E6,BLDG_B6C414BCBB68,2023-08-04 21:00:00,2023-08-04 22:27:46.476124,hvac_reset,0.372,weather_condition
CE_910CE750EE37,BLDG_B6C414BCBB68,2023-09-19 19:00:00,2023-09-19 20:56:57.122827,setpoint_adjustment,0.281,tariff_response
CE_7B25D4954144,BLDG_B6C414BCBB68,2023-08-08 09:00:00,2023-08-08 12:12:42.662525,hvac_reset,0.316,weather_condition
CE_3731F954CEBC,BLDG_B6C414BCBB68,2023-01-25 11:00:00,2023-01-25 14:28:01.409046,lighting_dimming,0.31,weather_condition
CE_E2437FC547B6,BLDG_B6C414BCBB68,2023-08-15 11:00:00,2023-08-15 12:13:36.686681,hvac_reset,0.076,tariff_response
CE_2C12C0FB8FC9,BLDG_B6C414BCBB68,2023-04-06 18:00:00,2023-04-06 18:39:32.146310,setpoint_adjustment,0.195,manual_override
CE_37A39ACC4759,BLDG_B6C414BCBB68,2023-07-12 10:00:00,2023-07-12 10:38:36.232550,load_shedding,0.306,weather_condition
CE_0F8EB4CBD222,BLDG_B6C414BCBB68,2023-09-08 21:00:00,2023-09-08 22:45:55.686866,setpoint_adjustment,0.196,system_fault
CE_A2A203FB2542,BLDG_B6C414BCBB68,2023-09-09 18:00:00,2023-09-09 20:06:59.321770,lighting_dimming,0.217,system_fault
CE_29DABB061FAC,BLDG_B6C414BCBB68,2023-03-07 09:00:00,2023-03-07 10:00:55.404720,setpoint_adjustment,0.138,system_fault
CE_500EF919BD48,BLDG_B6C414BCBB68,2023-12-28 18:00:00,2023-12-28 19:11:54.500260,lighting_dimming,0.388,weather_condition
CE_8BE3008C6061,BLDG_B6C414BCBB68,2023-07-04 09:00:00,2023-07-04 11:57:05.044726,lighting_dimming,0.384,weather_condition
CE_A759850F617F,BLDG_B6C414BCBB68,2023-06-12 21:00:00,2023-06-12 23:05:57.414962,lighting_dimming,0.379,manual_override
CE_2360794D1D0E,BLDG_B6C414BCBB68,2023-09-09 10:00:00,2023-09-09 13:07:36.100443,hvac_reset,0.192,weather_condition
CE_4C91B6CE20E0,BLDG_B6C414BCBB68,2023-02-26 19:00:00,2023-02-26 21:11:17.761577,load_shedding,0.086,system_fault
CE_2A08A47C7270,BLDG_B6C414BCBB68,2023-02-10 20:00:00,2023-02-10 23:41:05.794989,load_shedding,0.297,weather_condition
CE_2C8B7BFD67FA,BLDG_B6C414BCBB68,2023-01-04 11:00:00,2023-01-04 12:57:28.020268,load_shedding,0.163,weather_condition
CE_39CF15C4768D,BLDG_B6C414BCBB68,2023-11-29 21:00:00,2023-11-29 23:27:02.987007,hvac_reset,0.236,manual_override
CE_33ABA50696B7,BLDG_B6C414BCBB68,2023-11-19 20:00:00,2023-11-19 20:34:54.180760,setpoint_adjustment,0.089,manual_override
CE_50C37818EAB0,BLDG_E5D0D3EEC91E,2023-09-07 11:00:00,2023-09-07 11:52:02.326694,hvac_reset,0.243,tariff_response
CE_38D818CB6DB7,BLDG_E5D0D3EEC91E,2023-06-24 19:00:00,2023-06-24 21:06:25.019492,setpoint_adjustment,0.073,weather_condition
CE_07BC11B4F115,BLDG_E5D0D3EEC91E,2023-08-25 10:00:00,2023-08-25 12:35:59.343823,setpoint_adjustment,0.301,weather_condition
CE_9CA2BD382DEA,BLDG_E5D0D3EEC91E,2023-12-11 10:00:00,2023-12-11 12:20:22.593374,hvac_reset,0.278,manual_override
CE_08BD1B3FF5DB,BLDG_E5D0D3EEC91E,2023-12-17 20:00:00,2023-12-17 22:51:45.354449,hvac_reset,0.145,manual_override
CE_282F4A488B82,BLDG_E5D0D3EEC91E,2023-01-28 09:00:00,2023-01-28 10:19:01.401002,hvac_reset,0.07,system_fault
CE_72E07B460BE3,BLDG_E5D0D3EEC91E,2023-08-07 11:00:00,2023-08-07 11:32:34.253688,setpoint_adjustment,0.288,tariff_response
CE_C0AC02A714ED,BLDG_E5D0D3EEC91E,2023-04-06 18:00:00,2023-04-06 19:26:26.415891,lighting_dimming,0.292,manual_override
CE_D3D6C7079404,BLDG_E5D0D3EEC91E,2023-02-10 11:00:00,2023-02-10 11:51:41.972976,lighting_dimming,0.318,manual_override
CE_5D65F40EC491,BLDG_E5D0D3EEC91E,2023-09-21 21:00:00,2023-09-21 23:40:59.242706,setpoint_adjustment,0.257,tariff_response
CE_F4DE64F6FC91,BLDG_E5D0D3EEC91E,2023-04-25 20:00:00,2023-04-25 23:24:37.404418,load_shedding,0.216,tariff_response
CE_50B5A9C2A4AE,BLDG_E5D0D3EEC91E,2023-07-15 19:00:00,2023-07-15 21:18:30.217303,setpoint_adjustment,0.248,weather_condition
CE_DB3ED0A7F3DA,BLDG_E5D0D3EEC91E,2023-04-13 19:00:00,2023-04-13 22:14:10.635064,lighting_dimming,0.103,weather_condition
CE_4FA65BE9AA51,BLDG_E5D0D3EEC91E,2023-03-16 18:00:00,2023-03-16 19:17:36.161002,setpoint_adjustment,0.34,weather_condition
CE_9C87CC1754A8,BLDG_E5D0D3EEC91E,2023-01-01 18:00:00,2023-01-01 20:21:27.950698,lighting_dimming,0.086,manual_override
CE_A9D544E55AF3,BLDG_E5D0D3EEC91E,2023-04-03 11:00:00,2023-04-03 14:42:24.473427,setpoint_adjustment,0.152,system_fault
CE_DE63D86F54D7,BLDG_5043911D9AAA,2023-11-09 19:00:00,2023-11-09 22:32:17.142820,load_shedding,0.382,manual_override
CE_4078AF87BA68,BLDG_5043911D9AAA,2023-08-02 21:00:00,2023-08-03 00:49:59.911021,hvac_reset,0.168,system_fault
CE_5069263B389E,BLDG_5043911D9AAA,2023-05-16 18:00:00,2023-05-16 21:20:20.748733,lighting_dimming,0.369,manual_override
CE_60E91FD56F8B,BLDG_5043911D9AAA,2023-04-23 18:00:00,2023-04-23 21:13:52.094386,hvac_reset,0.134,manual_override
CE_5339E08554D0,BLDG_5043911D9AAA,2023-02-23 19:00:00,2023-02-23 21:44:58.420465,setpoint_adjustment,0.319,weather_condition
CE_2C1439E21E0C,BLDG_5043911D9AAA,2023-11-19 20:00:00,2023-11-19 20:53:13.971461,load_shedding,0.368,system_fault
CE_9EE0CD8483F4,BLDG_5043911D9AAA,2023-01-17 19:00:00,2023-01-17 22:08:37.087151,lighting_dimming,0.133,weather_condition
CE_288447005948,BLDG_5043911D9AAA,2023-07-03 18:00:00,2023-07-03 21:50:30.952379,hvac_reset,0.268,system_fault
CE_B2769E072AC4,BLDG_5043911D9AAA,2023-03-03 11:00:00,2023-03-03 12:13:23.051698,lighting_dimming,0.236,system_fault
CE_6A895410E34E,BLDG_5043911D9AAA,2023-03-27 18:00:00,2023-03-27 21:09:50.789459,hvac_reset,0.242,system_fault
CE_8735FA316A4A,BLDG_5043911D9AAA,2023-03-24 11:00:00,2023-03-24 14:01:48.518934,hvac_reset,0.164,tariff_response
CE_1F0224CBBC14,BLDG_5043911D9AAA,2023-02-18 10:00:00,2023-02-18 11:52:44.374122,lighting_dimming,0.177,system_fault
CE_312D6E9B32A9,BLDG_5043911D9AAA,2023-09-27 21:00:00,2023-09-27 23:38:33.497553,setpoint_adjustment,0.198,manual_override
CE_D6442A37088B,BLDG_A639D294C105,2023-10-27 21:00:00,2023-10-27 22:48:18.267322,lighting_dimming,0.219,tariff_response
CE_05539FCC86E5,BLDG_A639D294C105,2023-04-24 18:00:00,2023-04-24 20:06:13.688797,setpoint_adjustment,0.116,system_fault
CE_3F24E6624F41,BLDG_A639D294C105,2023-05-16 19:00:00,2023-05-16 19:51:16.402377,load_shedding,0.069,manual_override
CE_586EA27F3325,BLDG_A639D294C105,2023-04-29 18:00:00,2023-04-29 21:49:43.624589,setpoint_adjustment,0.276,tariff_response
CE_48B8421A83FF,BLDG_A639D294C105,2023-06-06 12:00:00,2023-06-06 14:21:08.839307,lighting_dimming,0.083,weather_condition
CE_8BBB0914765D,BLDG_A639D294C105,2023-12-26 11:00:00,2023-12-26 12:51:57.006489,setpoint_adjustment,0.317,tariff_response
CE_862468718CE1,BLDG_A639D294C105,2023-07-14 12:00:00,2023-07-14 14:31:14.816524,hvac_reset,0.317,weather_condition
CE_2B626ADCB13B,BLDG_A639D294C105,2023-11-22 19:00:00,2023-11-22 21:21:47.248244,hvac_reset,0.322,manual_override
CE_11265917C7C2,BLDG_A639D294C105,2023-03-16 18:00:00,2023-03-16 21:16:00.781307,lighting_dimming,0.332,manual_override
CE_B6BBE5F469D9,BLDG_A639D294C105,2023-06-06 12:00:00,2023-06-06 15:52:56.556304,hvac_reset,0.07,system_fault
CE_8268B21DC14A,BLDG_A639D294C105,2023-12-07 17:00:00,2023-12-07 17:37:15.471457,lighting_dimming,0.306,system_fault
CE_7A01C4AAD4FD,BLDG_A639D294C105,2023-10-28 12:00:00,2023-10-28 13:14:07.286218,setpoint_adjustment,0.286,manual_override
CE_6CBFDF34998A,BLDG_A639D294C105,2023-01-27 19:00:00,2023-01-27 22:16:54.639021,lighting_dimming,0.137,weather_condition
CE_2573AA10C1F2,BLDG_A639D294C105,2023-08-08 19:00:00,2023-08-08 20:43:17.346467,lighting_dimming,0.207,weather_condition
CE_94EC57C78EB8,BLDG_A639D294C105,2023-01-03 09:00:00,2023-01-03 12:27:43.188255,setpoint_adjustment,0.155,weather_condition
CE_12D078ABD57C,BLDG_A639D294C105,2023-12-17 17:00:00,2023-12-17 19:57:10.952555,setpoint_adjustment,0.231,manual_override
CE_F11CF4AD84D1,BLDG_A639D294C105,2023-05-11 21:00:00,2023-05-11 22:47:10.257957,hvac_reset,0.086,manual_override
CE_1DDE627BEF4E,BLDG_A639D294C105,2023-10-06 10:00:00,2023-10-06 10:50:55.067000,load_shedding,0.294,tariff_response
CE_F2DBAEB36C65,BLDG_2F6FDB7DF7CC,2023-05-21 21:00:00,2023-05-21 23:40:06.891058,lighting_dimming,0.131,system_fault
CE_806CFE7227C2,BLDG_2F6FDB7DF7CC,2023-05-18 19:00:00,2023-05-18 20:01:27.339269,load_shedding,0.113,system_fault
CE_1530688A15D7,BLDG_2F6FDB7DF7CC,2023-01-05 12:00:00,2023-01-05 13:12:10.288943,lighting_dimming,0.171,weather_condition
CE_07D8904A4F5A,BLDG_2F6FDB7DF7CC,2023-03-31 12:00:00,2023-03-31 12:32:44.761800,hvac_reset,0.112,manual_override
CE_A3468DD71F57,BLDG_2F6FDB7DF7CC,2023-12-06 18:00:00,2023-12-06 21:25:10.982864,load_shedding,0.358,weather_condition
CE_3D93A2D82023,BLDG_2F6FDB7DF7CC,2023-01-08 18:00:00,2023-01-08 20:10:27.630528,setpoint_adjustment,0.057,tariff_response
CE_7B53A192B1FD,BLDG_2F6FDB7DF7CC,2023-05-10 18:00:00,2023-05-10 21:59:48.877471,lighting_dimming,0.345,system_fault
CE_44CCB42F5612,BLDG_2F6FDB7DF7CC,2023-03-19 21:00:00,2023-03-19 23:39:33.415509,setpoint_adjustment,0.239,system_fault
CE_FE3E818C5FBD,BLDG_2F6FDB7DF7CC,2023-07-01 09:00:00,2023-07-01 11:28:50.244747,setpoint_adjustment,0.28,tariff_response
CE_1F34611C4FA3,BLDG_2F6FDB7DF7CC,2023-11-16 18:00:00,2023-11-16 19:26:54.520396,setpoint_adjustment,0.227,tariff_response
CE_8CC91E36CD28,BLDG_2F6FDB7DF7CC,2023-10-11 17:00:00,2023-10-11 20:52:50.664096,setpoint_adjustment,0.347,weather_condition
CE_2A32DA0FC1B3,BLDG_2F6FDB7DF7CC,2023-04-08 09:00:00,2023-04-08 09:30:57.039189,setpoint_adjustment,0.241,weather_condition
CE_C9B1D93815B0,BLDG_2F6FDB7DF7CC,2023-08-25 12:00:00,2023-08-25 15:46:40.848008,hvac_reset,0.072,tariff_response
CE_746CE70F2D3D,BLDG_2F6FDB7DF7CC,2023-04-13 10:00:00,2023-04-13 10:46:44.929799,setpoint_adjustment,0.265,tariff_response
CE_C95CF5228981,BLDG_2F6FDB7DF7CC,2023-09-13 20:00:00,2023-09-13 21:57:26.275870,hvac_reset,0.196,system_fault
CE_38D15A4D8F4D,BLDG_2F6FDB7DF7CC,2023-12-29 18:00:00,2023-12-29 18:32:03.919708,setpoint_adjustment,0.126,system_fault
CE_14BAD1B977D8,BLDG_2F6FDB7DF7CC,2023-10-18 09:00:00,2023-10-18 10:57:46.862928,hvac_reset,0.135,system_fault
CE_9CFDCC07CD20,BLDG_2F6FDB7DF7CC,2023-05-23 19:00:00,2023-05-23 20:49:48.815112,hvac_reset,0.253,manual_override
CE_DFAF9E522D57,BLDG_2F6FDB7DF7CC,2023-10-20 20:00:00,2023-10-20 23:13:31.783774,hvac_reset,0.333,manual_override
CE_FFA95C24BAEA,BLDG_2F6FDB7DF7CC,2023-08-16 12:00:00,2023-08-16 12:38:00.397575,lighting_dimming,0.092,system_fault
CE_1A71E8E18142,BLDG_2F6FDB7DF7CC,2023-10-30 21:00:00,2023-10-30 21:56:26.442005,hvac_reset,0.303,manual_override
CE_FA588E8800B1,BLDG_2F6FDB7DF7CC,2023-06-29 09:00:00,2023-06-29 11:13:35.763381,load_shedding,0.259,tariff_response
CE_C1A7DAE34EA5,BLDG_2F6FDB7DF7CC,2023-04-16 10:00:00,2023-04-16 13:30:16.696818,setpoint_adjustment,0.375,tariff_response
CE_F8062D7B6F0B,BLDG_2F6FDB7DF7CC,2023-02-20 21:00:00,2023-02-20 22:36:05.446648,hvac_reset,0.196,weather_condition
CE_8B78E5DEF366,BLDG_2F6FDB7DF7CC,2023-09-12 10:00:00,2023-09-12 11:24:32.093312,load_shedding,0.215,system_fault
CE_A4C573D30FAC,BLDG_2F6FDB7DF7CC,2023-01-25 19:00:00,2023-01-25 21:43:52.782515,setpoint_adjustment,0.302,weather_condition
CE_77925560694D,BLDG_2F6FDB7DF7CC,2023-04-16 09:00:00,2023-04-16 10:04:07.082342,hvac_reset,0.159,tariff_response
CE_D5B3344980CC,BLDG_2F6FDB7DF7CC,2023-08-26 11:00:00,2023-08-26 14:12:59.189553,hvac_reset,0.214,tariff_response
CE_AD3AFE1BF081,BLDG_EABD2161AAAE,2023-01-18 19:00:00,2023-01-18 21:36:26.213994,load_shedding,0.153,tariff_response
CE_0DCC4849F397,BLDG_EABD2161AAAE,2023-12-04 21:00:00,2023-12-04 23:30:40.627614,load_shedding,0.181,tariff_response
CE_797ADA7599FB,BLDG_EABD2161AAAE,2023-04-24 10:00:00,2023-04-24 12:33:22.910653,lighting_dimming,0.353,manual_override
CE_4D3EF7885A00,BLDG_EABD2161AAAE,2023-03-13 10:00:00,2023-03-13 11:22:26.813814,setpoint_adjustment,0.087,manual_override
CE_9CD1EEA5F0DA,BLDG_EABD2161AAAE,2023-05-24 12:00:00,2023-05-24 14:43:10.406783,hvac_reset,0.104,weather_condition
CE_940C58ABCCCC,BLDG_EABD2161AAAE,2023-05-13 10:00:00,2023-05-13 10:31:48.111583,setpoint_adjustment,0.268,manual_override
CE_7359FDB51D9B,BLDG_EABD2161AAAE,2023-12-18 19:00:00,2023-12-18 20:05:28.637855,load_shedding,0.257,manual_override
CE_70C31D2D21FD,BLDG_EABD2161AAAE,2023-04-12 19:00:00,2023-04-12 20:32:50.679921,lighting_dimming,0.317,manual_override
CE_3C064BBEA642,BLDG_EABD2161AAAE,2023-08-12 12:00:00,2023-08-12 15:02:54.201771,setpoint_adjustment,0.32,tariff_response
CE_A74DF6F6C11D,BLDG_EABD2161AAAE,2023-06-15 17:00:00,2023-06-15 18:22:21.560422,lighting_dimming,0.224,manual_override
CE_1ECEEA19144F,BLDG_EABD2161AAAE,2023-05-06 12:00:00,2023-05-06 14:22:24.707402,hvac_reset,0.187,manual_override
CE_1152FC9BE0CE,BLDG_EABD2161AAAE,2023-02-21 18:00:00,2023-02-21 21:00:44.763575,load_shedding,0.118,tariff_response
CE_CC514852AF2F,BLDG_EABD2161AAAE,2023-11-30 20:00:00,2023-11-30 21:11:11.289111,setpoint_adjustment,0.089,system_fault
CE_6DC216ED46D4,BLDG_EABD2161AAAE,2023-04-11 20:00:00,2023-04-11 23:58:47.908688,load_shedding,0.364,manual_override
CE_927F9F3DB980,BLDG_EABD2161AAAE,2023-08-24 11:00:00,2023-08-24 13:04:41.056606,load_shedding,0.308,tariff_response
CE_C836F7C4B124,BLDG_EABD2161AAAE,2023-01-03 17:00:00,2023-01-03 20:46:05.576672,load_shedding,0.132,system_fault
CE_E9B5A2BAC2D9,BLDG_EABD2161AAAE,2023-10-08 12:00:00,2023-10-08 14:14:46.992653,lighting_dimming,0.082,weather_condition
CE_7B7D04D1047A,BLDG_EABD2161AAAE,2023-01-27 18:00:00,2023-01-27 20:33:12.672695,lighting_dimming,0.2,tariff_response
CE_7FC1C1736B6F,BLDG_EABD2161AAAE,2023-11-08 20:00:00,2023-11-08 23:14:22.531650,setpoint_adjustment,0.137,weather_condition
CE_204BC53B3E8E,BLDG_44384B9F5136,2023-10-29 09:00:00,2023-10-29 10:16:56.346234,load_shedding,0.204,weather_condition
CE_549B1FB6DF18,BLDG_44384B9F5136,2023-06-23 17:00:00,2023-06-23 19:38:04.824094,setpoint_adjustment,0.199,manual_override
CE_D03049A009CA,BLDG_44384B9F5136,2023-08-07 17:00:00,2023-08-07 18:28:50.424257,setpoint_adjustment,0.21,tariff_response
CE_C8A513FD15B8,BLDG_44384B9F5136,2023-09-25 10:00:00,2023-09-25 13:07:06.831177,hvac_reset,0.274,system_fault
CE_C80325B0AFCE,BLDG_44384B9F5136,2023-04-06 21:00:00,2023-04-07 00:54:34.156118,load_shedding,0.264,tariff_response
CE_1547993A1DE1,BLDG_44384B9F5136,2023-01-20 11:00:00,2023-01-20 13:58:39.041260,setpoint_adjustment,0.072,manual_override
CE_5E2E0375A9B5,BLDG_44384B9F5136,2023-06-01 21:00:00,2023-06-01 23:41:48.980861,lighting_dimming,0.285,system_fault
CE_82FC7A59924D,BLDG_44384B9F5136,2023-08-29 10:00:00,2023-08-29 13:50:32.288302,hvac_reset,0.059,system_fault
CE_3BE884CABD46,BLDG_44384B9F5136,2023-05-25 20:00:00,2023-05-25 23:44:18.221349,lighting_dimming,0.103,system_fault
CE_7AB055356D87,BLDG_44384B9F5136,2023-02-03 09:00:00,2023-02-03 11:26:29.700043,setpoint_adjustment,0.261,weather_condition
CE_4F4338BE7756,BLDG_C5E824E012AB,2023-04-03 21:00:00,2023-04-03 23:15:02.562194,setpoint_adjustment,0.092,system_fault
CE_8181C28A8D40,BLDG_C5E824E012AB,2023-04-27 20:00:00,2023-04-27 21:59:11.075336,hvac_reset,0.099,tariff_response
CE_803A2478C11A,BLDG_C5E824E012AB,2023-06-21 10:00:00,2023-06-21 11:14:21.574365,lighting_dimming,0.362,manual_override
CE_AFF016C7ECEE,BLDG_C5E824E012AB,2023-10-06 19:00:00,2023-10-06 19:39:25.108920,hvac_reset,0.13,tariff_response
CE_445233520917,BLDG_C5E824E012AB,2023-09-22 17:00:00,2023-09-22 17:33:22.479253,hvac_reset,0.159,manual_override
CE_436FFA29003E,BLDG_C5E824E012AB,2023-09-26 12:00:00,2023-09-26 13:24:01.220321,hvac_reset,0.201,system_fault
CE_00146CAC1740,BLDG_C5E824E012AB,2023-06-18 20:00:00,2023-06-18 22:20:14.970481,load_shedding,0.141,tariff_response
CE_D76EF9E6126E,BLDG_C5E824E012AB,2023-02-19 20:00:00,2023-02-19 22:34:25.495165,setpoint_adjustment,0.107,tariff_response
CE_0D76843A4AAC,BLDG_C5E824E012AB,2023-10-03 19:00:00,2023-10-03 21:42:17.400038,setpoint_adjustment,0.383,system_fault
CE_71D8E02CDD97,BLDG_C5E824E012AB,2023-01-24 09:00:00,2023-01-24 11:47:48.346068,hvac_reset,0.206,system_fault
CE_52CFE94BD09E,BLDG_C5E824E012AB,2023-07-12 18:00:00,2023-07-12 19:40:35.815441,load_shedding,0.238,manual_override
CE_989B7827AD6F,BLDG_C5E824E012AB,2023-08-23 18:00:00,2023-08-23 21:56:28.210200,load_shedding,0.304,system_fault
CE_A9A83E39B029,BLDG_C5E824E012AB,2023-06-11 17:00:00,2023-06-11 20:23:24.406921,lighting_dimming,0.25,manual_override
CE_E936485A0212,BLDG_C5E824E012AB,2023-03-21 10:00:00,2023-03-21 13:49:31.632439,load_shedding,0.074,manual_override
CE_D8F830594ED1,BLDG_C5E824E012AB,2023-02-20 17:00:00,2023-02-20 18:18:58.290829,load_shedding,0.155,system_fault
CE_11133C2CBE02,BLDG_C5E824E012AB,2023-11-25 11:00:00,2023-11-25 13:48:32.555201,lighting_dimming,0.342,manual_override
CE_A9773FE5770B,BLDG_C5E824E012AB,2023-10-19 18:00:00,2023-10-19 20:21:31.271394,hvac_reset,0.317,tariff_response
CE_40996B48F405,BLDG_C5E824E012AB,2023-03-19 17:00:00,2023-03-19 20:28:34.548029,hvac_reset,0.361,system_fault
CE_295017BBA66F,BLDG_C5E824E012AB,2023-09-05 17:00:00,2023-09-05 19:01:35.877158,lighting_dimming,0.279,manual_override
CE_4E90F8E963E9,BLDG_C5E824E012AB,2023-09-26 20:00:00,2023-09-26 21:03:23.710470,lighting_dimming,0.29,system_fault
CE_64DA146FBB32,BLDG_C5E824E012AB,2023-06-01 11:00:00,2023-06-01 13:15:19.607368,setpoint_adjustment,0.161,tariff_response
CE_377A01E4E1C7,BLDG_C5E824E012AB,2023-06-09 11:00:00,2023-06-09 12:35:04.332814,load_shedding,0.263,system_fault
CE_B6C46F3AEC8B,BLDG_C5E824E012AB,2023-05-11 20:00:00,2023-05-11 23:09:50.876520,load_shedding,0.338,tariff_response
CE_7CE54B93B120,BLDG_C5E824E012AB,2023-06-06 21:00:00,2023-06-06 23:14:40.546955,load_shedding,0.185,manual_override
CE_281FF37C123A,BLDG_C5E824E012AB,2023-09-22 09:00:00,2023-09-22 10:20:30.351420,load_shedding,0.307,weather_condition
CE_94D8903DDD1B,BLDG_C5E824E012AB,2023-10-24 09:00:00,2023-10-24 12:54:32.907527,load_shedding,0.201,weather_condition
CE_9B446C268C8C,BLDG_C5E824E012AB,2023-08-31 18:00:00,2023-08-31 21:57:22.046017,setpoint_adjustment,0.2,manual_override
CE_1191AA2390FE,BLDG_97A6D867807A,2023-03-11 11:00:00,2023-03-11 11:36:01.962590,hvac_reset,0.086,system_fault
CE_9ED9046500AF,BLDG_97A6D867807A,2023-01-17 18:00:00,2023-01-17 21:12:02.633429,load_shedding,0.365,weather_condition
CE_C6184B6D4197,BLDG_97A6D867807A,2023-01-11 08:00:00,2023-01-11 09:24:15.414881,load_shedding,0.08,weather_condition
CE_F33AFBB0EBFD,BLDG_97A6D867807A,2023-08-04 19:00:00,2023-08-04 20:48:46.752339,lighting_dimming,0.078,system_fault
CE_E334FF926A8B,BLDG_97A6D867807A,2023-01-31 18:00:00,2023-01-31 20:22:47.467703,setpoint_adjustment,0.214,system_fault
CE_4A895D3B2C75,BLDG_97A6D867807A,2023-06-05 19:00:00,2023-06-05 19:58:41.202284,load_shedding,0.086,weather_condition
CE_51BE730E2475,BLDG_97A6D867807A,2023-03-18 19:00:00,2023-03-18 22:13:18.738953,hvac_reset,0.347,tariff_response
CE_D101305B549E,BLDG_97A6D867807A,2023-04-20 18:00:00,2023-04-20 19:46:18.836783,lighting_dimming,0.064,manual_override
CE_C2876F19E71F,BLDG_97A6D867807A,2023-11-14 20:00:00,2023-11-14 20:36:15.636681,lighting_dimming,0.066,manual_override
CE_4AC4D05A8AAA,BLDG_97A6D867807A,2023-06-21 10:00:00,2023-06-21 12:48:41.366967,setpoint_adjustment,0.195,system_fault
CE_BAF5E20D4821,BLDG_97A6D867807A,2023-09-19 10:00:00,2023-09-19 12:27:26.401726,setpoint_adjustment,0.341,weather_condition
CE_243FD69683B5,BLDG_97A6D867807A,2023-01-28 10:00:00,2023-01-28 10:38:43.956987,load_shedding,0.168,weather_condition
CE_D04B6D9E15D0,BLDG_97A6D867807A,2023-09-15 19:00:00,2023-09-15 22:06:40.933248,lighting_dimming,0.24,manual_override
CE_0726D51F0C81,BLDG_97A6D867807A,2023-04-01 11:00:00,2023-04-01 11:52:21.000220,hvac_reset,0.22,system_fault
CE_5594CB103422,BLDG_97A6D867807A,2023-10-04 20:00:00,2023-10-04 21:26:37.053068,setpoint_adjustment,0.115,weather_condition
CE_DB22AD4B0D80,BLDG_97A6D867807A,2023-08-04 20:00:00,2023-08-04 21:38:44.625879,lighting_dimming,0.149,system_fault
CE_218582E9E83D,BLDG_97A6D867807A,2023-09-22 10:00:00,2023-09-22 11:00:47.983802,hvac_reset,0.092,weather_condition
CE_1E5242ED2EC1,BLDG_97A6D867807A,2023-12-24 10:00:00,2023-12-24 12:34:42.707960,hvac_reset,0.344,manual_override
CE_3AC94EAFD3FC,BLDG_97A6D867807A,2023-12-10 18:00:00,2023-12-10 20:12:57.705680,load_shedding,0.092,manual_override
CE_1D9746521D08,BLDG_51FCF39B49AD,2023-12-02 17:00:00,2023-12-02 20:44:39.441289,setpoint_adjustment,0.153,manual_override
CE_B7E7C851E18F,BLDG_51FCF39B49AD,2023-07-18 11:00:00,2023-07-18 14:19:46.501839,setpoint_adjustment,0.081,weather_condition
CE_F57AE99BDBCF,BLDG_51FCF39B49AD,2023-03-13 17:00:00,2023-03-13 20:34:35.122216,load_shedding,0.224,manual_override
CE_6D2875896048,BLDG_51FCF39B49AD,2023-05-30 10:00:00,2023-05-30 12:32:59.071333,load_shedding,0.348,tariff_response
CE_8204C7E6C0BC,BLDG_51FCF39B49AD,2023-09-01 10:00:00,2023-09-01 10:50:40.916682,lighting_dimming,0.119,weather_condition
CE_21AD8C7371A3,BLDG_51FCF39B49AD,2023-12-21 11:00:00,2023-12-21 12:42:19.281430,load_shedding,0.247,system_fault
CE_636EFDE73E29,BLDG_51FCF39B49AD,2023-12-30 18:00:00,2023-12-30 18:42:48.707143,lighting_dimming,0.324,weather_condition
CE_BB03AD6C9870,BLDG_51FCF39B49AD,2023-10-21 18:00:00,2023-10-21 18:55:04.332347,setpoint_adjustment,0.249,system_fault
CE_4F6A4ED2851C,BLDG_51FCF39B49AD,2023-07-30 20:00:00,2023-07-30 23:21:37.038511,lighting_dimming,0.23,weather_condition
CE_FBE5DA7C073F,BLDG_51FCF39B49AD,2023-05-27 18:00:00,2023-05-27 19:08:07.977368,lighting_dimming,0.325,tariff_response
CE_152896E1DB26,BLDG_51FCF39B49AD,2023-09-21 08:00:00,2023-09-21 09:40:54.733241,setpoint_adjustment,0.212,tariff_response
CE_C6F4237CB595,BLDG_51FCF39B49AD,2023-10-05 11:00:00,2023-10-05 11:47:31.799280,load_shedding,0.167,system_fault
CE_38E4392B2847,BLDG_51FCF39B49AD,2023-09-29 09:00:00,2023-09-29 11:10:54.043519,load_shedding,0.307,tariff_response
CE_ED95AE486ED3,BLDG_51FCF39B49AD,2023-11-26 08:00:00,2023-11-26 09:20:41.828890,setpoint_adjustment,0.246,tariff_response
CE_1B9DAD967F8F,BLDG_51FCF39B49AD,2023-10-11 09:00:00,2023-10-11 12:28:19.750867,load_shedding,0.069,weather_condition
CE_1F9C49FBF3D3,BLDG_51FCF39B49AD,2023-01-10 20:00:00,2023-01-10 23:26:33.977091,lighting_dimming,0.266,system_fault
CE_E708B0DFA56C,BLDG_51FCF39B49AD,2023-09-04 18:00:00,2023-09-04 21:22:47.709100,setpoint_adjustment,0.102,tariff_response
CE_976E15DE2065,BLDG_51FCF39B49AD,2023-08-09 19:00:00,2023-08-09 20:37:16.109760,load_shedding,0.313,manual_override
CE_7450CDE07BFF,BLDG_51FCF39B49AD,2023-10-13 19:00:00,2023-10-13 22:44:34.100701,setpoint_adjustment,0.223,manual_override
CE_E59330881F3F,BLDG_51FCF39B49AD,2023-12-04 10:00:00,2023-12-04 11:41:32.724580,setpoint_adjustment,0.092,system_fault
CE_5E9992469D45,BLDG_51FCF39B49AD,2023-08-25 11:00:00,2023-08-25 12:28:03.734714,lighting_dimming,0.2,weather_condition
CE_4D8AFCD9096C,BLDG_51FCF39B49AD,2023-09-13 08:00:00,2023-09-13 09:33:15.706639,setpoint_adjustment,0.241,system_fault
CE_C8413533275C,BLDG_51FCF39B49AD,2023-11-21 10:00:00,2023-11-21 13:43:46.645080,load_shedding,0.215,manual_override
CE_E4D93D50A80F,BLDG_51FCF39B49AD,2023-04-13 10:00:00,2023-04-13 11:33:36.643069,load_shedding,0.117,weather_condition
CE_F630249E079C,BLDG_51FCF39B49AD,2023-03-02 18:00:00,2023-03-02 20:28:37.410456,load_shedding,0.143,weather_condition
CE_7D4BB20590E2,BLDG_51FCF39B49AD,2023-01-12 20:00:00,2023-01-12 21:27:20.734898,hvac_reset,0.052,weather_condition
CE_82690583C2FB,BLDG_51FCF39B49AD,2023-02-05 20:00:00,2023-02-05 21:18:51.691990,hvac_reset,0.18,manual_override
CE_6564B90DF4C1,BLDG_13DD0E04671C,2023-10-29 10:00:00,2023-10-29 11:30:14.569413,hvac_reset,0.331,system_fault
CE_85C22A376259,BLDG_13DD0E04671C,2023-05-30 08:00:00,2023-05-30 11:46:19.457154,load_shedding,0.052,weather_condition
CE_CA75CC02CF4B,BLDG_13DD0E04671C,2023-10-16 20:00:00,2023-10-16 21:47:45.430628,load_shedding,0.067,tariff_response
CE_F06E8DE9B657,BLDG_13DD0E04671C,2023-06-17 17:00:00,2023-06-17 19:23:14.273918,load_shedding,0.22,tariff_response
CE_EBA2BB115552,BLDG_13DD0E04671C,2023-06-17 19:00:00,2023-06-17 20:30:49.700956,load_shedding,0.243,system_fault
CE_B05302F56F49,BLDG_13DD0E04671C,2023-06-26 08:00:00,2023-06-26 11:36:47.316337,load_shedding,0.203,tariff_response
CE_1FEE865941AE,BLDG_13DD0E04671C,2023-04-09 10:00:00,2023-04-09 11:14:23.307080,hvac_reset,0.365,weather_condition
CE_6AA7D6785D0E,BLDG_13DD0E04671C,2023-02-22 11:00:00,2023-02-22 13:56:14.377392,load_shedding,0.217,system_fault
CE_4A544098A85C,BLDG_13DD0E04671C,2023-06-02 17:00:00,2023-06-02 20:48:10.713669,setpoint_adjustment,0.26,tariff_response
CE_A590BBF3FC3C,BLDG_13DD0E04671C,2023-08-07 19:00:00,2023-08-07 21:56:18.735181,hvac_reset,0.221,tariff_response
CE_12F50EB3D7D2,BLDG_0A98FB034BCD,2023-04-01 10:00:00,2023-04-01 11:03:20.165604,setpoint_adjustment,0.143,weather_condition
CE_67CB6776C81F,BLDG_0A98FB034BCD,2023-01-14 17:00:00,2023-01-14 20:50:33.049714,lighting_dimming,0.189,weather_condition
CE_1391FB029122,BLDG_0A98FB034BCD,2023-07-05 08:00:00,2023-07-05 10:47:10.085257,load_shedding,0.075,system_fault
CE_FF6465BC66B9,BLDG_0A98FB034BCD,2023-01-24 20:00:00,2023-01-24 23:59:06.905520,lighting_dimming,0.139,weather_condition
CE_E73EBCCDB188,BLDG_0A98FB034BCD,2023-06-20 10:00:00,2023-06-20 12:59:56.521037,hvac_reset,0.36,tariff_response
CE_1C1537E2C3E5,BLDG_0A98FB034BCD,2023-05-10 09:00:00,2023-05-10 10:16:51.450184,load_shedding,0.11,weather_condition
CE_7DFF9735E9EF,BLDG_0A98FB034BCD,2023-11-04 17:00:00,2023-11-04 20:23:47.979856,load_shedding,0.129,tariff_response
CE_CAF25BD15886,BLDG_0A98FB034BCD,2023-06-14 08:00:00,2023-06-14 08:34:03.990482,lighting_dimming,0.384,manual_override
CE_E243E0EE407B,BLDG_0A98FB034BCD,2023-05-21 19:00:00,2023-05-21 19:33:12.187992,hvac_reset,0.351,system_fault
CE_77A7162DDC08,BLDG_0A98FB034BCD,2023-05-27 09:00:00,2023-05-27 09:31:08.290769,setpoint_adjustment,0.158,tariff_response
CE_02BEEAFDC8AE,BLDG_8F5624D846EF,2023-01-07 20:00:00,2023-01-07 23:15:05.426628,hvac_reset,0.38,manual_override
CE_3C2495A10FEC,BLDG_8F5624D846EF,2023-12-19 18:00:00,2023-12-19 18:59:49.107995,setpoint_adjustment,0.088,manual_override
CE_017363BD589E,BLDG_8F5624D846EF,2023-09-26 17:00:00,2023-09-26 19:57:08.736484,setpoint_adjustment,0.117,system_fault
CE_2561AB1D4555,BLDG_8F5624D846EF,2023-04-11 11:00:00,2023-04-11 12:18:01.253317,hvac_reset,0.211,system_fault
CE_27F3D0DBCD36,BLDG_8F5624D846EF,2023-01-12 18:00:00,2023-01-12 21:12:32.494126,hvac_reset,0.155,weather_condition
CE_7B5008A1197E,BLDG_8F5624D846EF,2023-07-26 08:00:00,2023-07-26 11:52:26.993574,load_shedding,0.184,system_fault
CE_329C8F0D3646,BLDG_8F5624D846EF,2023-10-13 19:00:00,2023-10-13 21:33:16.081831,load_shedding,0.241,tariff_response
CE_DCA01E3633B7,BLDG_8F5624D846EF,2023-04-10 09:00:00,2023-04-10 12:45:12.654596,load_shedding,0.32,system_fault
CE_BA45B289F63C,BLDG_8F5624D846EF,2023-07-12 20:00:00,2023-07-12 22:42:21.353171,hvac_reset,0.364,system_fault
CE_17F5493D0E9A,BLDG_8F5624D846EF,2023-10-13 08:00:00,2023-10-13 09:15:27.996056,lighting_dimming,0.364,tariff_response
CE_D94AC9E3FD70,BLDG_8F5624D846EF,2023-03-08 19:00:00,2023-03-08 21:04:31.897901,load_shedding,0.394,weather_condition
CE_0EFE35C0DB9C,BLDG_4FA9C5254239,2023-10-31 19:00:00,2023-10-31 22:53:52.719364,lighting_dimming,0.192,system_fault
CE_702FDBE47C04,BLDG_4FA9C5254239,2023-09-03 08:00:00,2023-09-03 08:40:34.040603,load_shedding,0.258,manual_override
CE_190739F86925,BLDG_4FA9C5254239,2023-10-30 09:00:00,2023-10-30 10:20:42.052151,load_shedding,0.198,tariff_response
CE_5A47E3AA595D,BLDG_4FA9C5254239,2023-06-26 18:00:00,2023-06-26 21:40:23.204485,hvac_reset,0.118,tariff_response
CE_11DE8CA8BACE,BLDG_4FA9C5254239,2023-07-11 19:00:00,2023-07-11 22:05:54.491304,hvac_reset,0.378,tariff_response
CE_162E7CEB8C27,BLDG_4FA9C5254239,2023-09-18 08:00:00,2023-09-18 08:42:07.713952,setpoint_adjustment,0.347,tariff_response
CE_A046D19369A1,BLDG_4FA9C5254239,2023-07-15 19:00:00,2023-07-15 20:04:48.104533,hvac_reset,0.193,weather_condition
CE_24D1A16C5A58,BLDG_4FA9C5254239,2023-05-16 09:00:00,2023-05-16 12:26:35.049232,lighting_dimming,0.123,manual_override
CE_E3612AFFEA06,BLDG_4FA9C5254239,2023-02-15 19:00:00,2023-02-15 21:29:33.712818,load_shedding,0.368,weather_condition
CE_6065F44B0C69,BLDG_4FA9C5254239,2023-01-11 09:00:00,2023-01-11 11:36:08.385222,setpoint_adjustment,0.238,weather_condition
CE_91E0B19A5210,BLDG_4FA9C5254239,2023-01-20 20:00:00,2023-01-20 23:06:45.607502,load_shedding,0.314,tariff_response
CE_2A35FB1B2680,BLDG_4FA9C5254239,2023-07-02 09:00:00,2023-07-02 09:43:32.828016,setpoint_adjustment,0.335,system_fault
CE_9197D8888167,BLDG_4FA9C5254239,2023-06-04 18:00:00,2023-06-04 21:52:37.235233,lighting_dimming,0.149,weather_condition
CE_A630385080CD,BLDG_4FA9C5254239,2023-06-01 17:00:00,2023-06-01 18:24:08.769188,load_shedding,0.345,tariff_response
CE_884A72AC8F64,BLDG_4FA9C5254239,2023-10-15 18:00:00,2023-10-15 21:53:23.408171,setpoint_adjustment,0.208,tariff_response
CE_CCA0582F2A51,BLDG_4FA9C5254239,2023-03-26 09:00:00,2023-03-26 10:22:48.682276,hvac_reset,0.345,system_fault
CE_976035128443,BLDG_4FA9C5254239,2023-04-30 09:00:00,2023-04-30 11:14:34.493879,hvac_reset,0.051,weather_condition
CE_4D6E11DE7F3B,BLDG_C6B297082F5D,2023-02-26 18:00:00,2023-02-26 19:57:15.794529,hvac_reset,0.303,weather_condition
CE_CF12CBED774D,BLDG_C6B297082F5D,2023-03-04 18:00:00,2023-03-04 19:10:52.036739,hvac_reset,0.264,tariff_response
CE_A8D1817A6871,BLDG_C6B297082F5D,2023-08-27 10:00:00,2023-08-27 13:09:20.847438,load_shedding,0.295,system_fault
CE_8716388B9A11,BLDG_C6B297082F5D,2023-04-29 18:00:00,2023-04-29 21:22:22.587642,setpoint_adjustment,0.232,weather_condition
CE_F4F2F6C984E0,BLDG_C6B297082F5D,2023-02-26 08:00:00,2023-02-26 08:51:21.988711,load_shedding,0.384,weather_condition
CE_5BBD83B59C60,BLDG_C6B297082F5D,2023-04-20 08:00:00,2023-04-20 11:31:19.320792,hvac_reset,0.1,weather_condition
CE_3EF63C6C06E2,BLDG_C6B297082F5D,2023-12-14 08:00:00,2023-12-14 10:26:07.765816,setpoint_adjustment,0.247,system_fault
CE_74EA069E0B52,BLDG_C6B297082F5D,2023-11-22 17:00:00,2023-11-22 19:57:57.426617,setpoint_adjustment,0.308,weather_condition
CE_80260B19D674,BLDG_C6B297082F5D,2023-01-30 20:00:00,2023-01-30 22:14:10.197617,load_shedding,0.149,system_fault
CE_F25F10DF9251,BLDG_C6B297082F5D,2023-07-06 20:00:00,2023-07-06 22:45:11.465212,setpoint_adjustment,0.299,manual_override
CE_5F6F7FB53AED,BLDG_C6B297082F5D,2023-09-09 09:00:00,2023-09-09 10:36:28.576046,load_shedding,0.173,weather_condition
CE_CC6939C55117,BLDG_C6B297082F5D,2023-02-15 17:00:00,2023-02-15 19:14:20.557288,lighting_dimming,0.341,weather_condition
CE_140A8ABFB1C2,BLDG_C6B297082F5D,2023-05-11 10:00:00,2023-05-11 13:29:09.220850,lighting_dimming,0.084,tariff_response
CE_16454156831E,BLDG_C6B297082F5D,2023-05-24 20:00:00,2023-05-24 21:24:28.307816,load_shedding,0.148,weather_condition
CE_268FC8C2681C,BLDG_C6B297082F5D,2023-05-04 10:00:00,2023-05-04 11:29:44.487439,load_shedding,0.301,system_fault
CE_E833883FF79E,BLDG_C6B297082F5D,2023-08-28 18:00:00,2023-08-28 18:51:51.474357,setpoint_adjustment,0.159,manual_override
CE_0DEB8D7B04F9,BLDG_C6B297082F5D,2023-08-27 09:00:00,2023-08-27 11:10:56.661977,setpoint_adjustment,0.28,tariff_response
CE_F240B323E179,BLDG_C6B297082F5D,2023-08-02 08:00:00,2023-08-02 09:21:39.854080,setpoint_adjustment,0.146,tariff_response
CE_787FA7BDA333,BLDG_C6B297082F5D,2023-04-23 19:00:00,2023-04-23 22:09:24.766696,lighting_dimming,0.226,tariff_response
CE_46AFCCD97FE5,BLDG_C6B297082F5D,2023-08-16 10:00:00,2023-08-16 10:47:51.119835,setpoint_adjustment,0.342,manual_override
CE_25B31CA57204,BLDG_C6B297082F5D,2023-01-29 09:00:00,2023-01-29 10:40:55.335340,lighting_dimming,0.336,system_fault
CE_03699D883CB7,BLDG_C6B297082F5D,2023-08-20 19:00:00,2023-08-20 22:31:14.063697,lighting_dimming,0.389,manual_override
CE_E4DCD51431DF,BLDG_C6B297082F5D,2023-12-29 17:00:00,2023-12-29 17:33:54.700657,lighting_dimming,0.075,tariff_response
CE_6E7C80EDA931,BLDG_C6B297082F5D,2023-06-28 20:00:00,2023-06-28 23:49:34.012638,hvac_reset,0.316,tariff_response
CE_18411B5877B2,BLDG_C6B297082F5D,2023-06-01 09:00:00,2023-06-01 09:44:28.391136,setpoint_adjustment,0.196,manual_override
CE_98CA03485396,BLDG_C6B297082F5D,2023-07-04 18:00:00,2023-07-04 18:51:57.444784,lighting_dimming,0.361,manual_override
CE_73DD2A98BAB7,BLDG_C6B297082F5D,2023-07-31 19:00:00,2023-07-31 22:21:39.217292,setpoint_adjustment,0.301,weather_condition
CE_60E012F39A2C,BLDG_C6B297082F5D,2023-08-08 11:00:00,2023-08-08 14:39:59.176059,setpoint_adjustment,0.079,manual_override
CE_ECE27F139861,BLDG_C6B297082F5D,2023-04-27 20:00:00,2023-04-27 23:46:16.272569,hvac_reset,0.356,tariff_response
CE_21DC36F9BF95,BLDG_C6B297082F5D,2023-09-07 19:00:00,2023-09-07 22:00:28.757046,load_shedding,0.371,weather_condition
CE_C2A63F99702B,BLDG_5B49342E24B6,2023-01-08 10:00:00,2023-01-08 11:54:33.828885,hvac_reset,0.051,weather_condition
CE_0F464B1429E5,BLDG_5B49342E24B6,2023-06-09 20:00:00,2023-06-09 23:21:54.945571,load_shedding,0.34,manual_override
CE_51CAC6822EC7,BLDG_5B49342E24B6,2023-06-22 09:00:00,2023-06-22 10:53:40.911925,hvac_reset,0.392,manual_override
CE_AD1DA34E13B3,BLDG_5B49342E24B6,2023-08-02 10:00:00,2023-08-02 11:10:12.620177,hvac_reset,0.276,tariff_response
CE_AAC7B3F1F732,BLDG_5B49342E24B6,2023-01-23 19:00:00,2023-01-23 20:56:51.260816,setpoint_adjustment,0.218,manual_override
CE_BA4F96F7EBC1,BLDG_5B49342E24B6,2023-02-22 18:00:00,2023-02-22 21:05:26.152404,setpoint_adjustment,0.383,manual_override
CE_AB3C7360E1C2,BLDG_5B49342E24B6,2023-07-18 11:00:00,2023-07-18 14:14:28.102301,hvac_reset,0.297,weather_condition
CE_B92A62E2DA61,BLDG_5B49342E24B6,2023-08-04 08:00:00,2023-08-04 10:43:53.196040,lighting_dimming,0.247,tariff_response
CE_3F3BEE027B7E,BLDG_5B49342E24B6,2023-02-10 11:00:00,2023-02-10 13:07:43.150627,load_shedding,0.21,manual_override
CE_CC225714C884,BLDG_5B49342E24B6,2023-02-13 09:00:00,2023-02-13 11:47:18.140622,setpoint_adjustment,0.241,manual_override
CE_2E67A68D8542,BLDG_5B49342E24B6,2023-02-03 09:00:00,2023-02-03 10:06:05.075425,hvac_reset,0.397,manual_override
CE_AFC754A86A66,BLDG_5B49342E24B6,2023-11-02 19:00:00,2023-11-02 21:15:49.910916,hvac_reset,0.111,manual_override
CE_2BA2735F8479,BLDG_5B49342E24B6,2023-10-10 08:00:00,2023-10-10 10:10:38.120303,hvac_reset,0.203,tariff_response
CE_4D274C55C792,BLDG_5B49342E24B6,2023-09-27 11:00:00,2023-09-27 14:07:40.062490,setpoint_adjustment,0.173,tariff_response
CE_AA671DF0D0B9,BLDG_5B49342E24B6,2023-08-23 10:00:00,2023-08-23 11:08:49.147299,hvac_reset,0.102,manual_override
CE_CE90E84D7D32,BLDG_5B49342E24B6,2023-12-18 10:00:00,2023-12-18 11:12:42.507691,setpoint_adjustment,0.293,tariff_response
CE_9DA0EB505EBE,BLDG_5B49342E24B6,2023-02-19 09:00:00,2023-02-19 10:06:33.547013,lighting_dimming,0.104,system_fault
CE_2F27BE0AC63E,BLDG_5B49342E24B6,2023-03-03 10:00:00,2023-03-03 13:44:11.915230,setpoint_adjustment,0.074,system_fault
CE_935195485300,BLDG_5B49342E24B6,2023-02-02 19:00:00,2023-02-02 19:48:33.158534,load_shedding,0.093,weather_condition
CE_685ABFDAFF69,BLDG_5B49342E24B6,2023-03-17 09:00:00,2023-03-17 11:32:34.167178,load_shedding,0.333,weather_condition
CE_110EC893625E,BLDG_5B49342E24B6,2023-07-19 10:00:00,2023-07-19 13:15:07.677436,lighting_dimming,0.198,manual_override
CE_4FB4FBC8E61E,BLDG_5B49342E24B6,2023-04-08 17:00:00,2023-04-08 19:40:20.987717,setpoint_adjustment,0.358,system_fault
CE_78F2DC2B9EB0,BLDG_5B49342E24B6,2023-02-12 10:00:00,2023-02-12 12:16:45.248501,load_shedding,0.258,manual_override
CE_C1C4101868C4,BLDG_5B49342E24B6,2023-01-25 09:00:00,2023-01-25 10:00:05.877167,lighting_dimming,0.282,tariff_response
CE_7C2A510F3B3D,BLDG_5B49342E24B6,2023-03-30 20:00:00,2023-03-30 21:13:16.890155,hvac_reset,0.336,system_fault
CE_69A1B9610958,BLDG_CD80C6ACBFC2,2023-04-05 10:00:00,2023-04-05 12:04:04.671266,lighting_dimming,0.125,weather_condition
CE_2D9C50CA4790,BLDG_CD80C6ACBFC2,2023-07-28 17:00:00,2023-07-28 20:51:14.594456,lighting_dimming,0.301,tariff_response
CE_E932E44E6B6D,BLDG_CD80C6ACBFC2,2023-01-10 18:00:00,2023-01-10 19:31:45.703654,setpoint_adjustment,0.341,tariff_response
CE_7CF351DBB548,BLDG_CD80C6ACBFC2,2023-04-18 19:00:00,2023-04-18 20:20:30.003291,setpoint_adjustment,0.073,system_fault
CE_FB92EB5FF2A8,BLDG_CD80C6ACBFC2,2023-03-02 09:00:00,2023-03-02 12:03:46.141991,hvac_reset,0.055,weather_condition
CE_5D4CC9418862,BLDG_CD80C6ACBFC2,2023-09-17 09:00:00,2023-09-17 11:19:23.936265,setpoint_adjustment,0.38,system_fault
CE_8BDC91F69F1C,BLDG_CD80C6ACBFC2,2023-11-30 09:00:00,2023-11-30 12:57:03.382975,lighting_dimming,0.06,tariff_response
CE_A78D29DFF223,BLDG_CD80C6ACBFC2,2023-05-03 10:00:00,2023-05-03 11:08:24.555672,load_shedding,0.334,tariff_response
CE_26E46815066C,BLDG_CD80C6ACBFC2,2023-02-10 11:00:00,2023-02-10 13:48:26.460559,lighting_dimming,0.241,system_fault
CE_C0E532FA6EB0,BLDG_CD80C6ACBFC2,2023-09-27 10:00:00,2023-09-27 12:31:15.344306,load_shedding,0.305,weather_condition
CE_04E915C6AE12,BLDG_CD80C6ACBFC2,2023-05-06 09:00:00,2023-05-06 10:18:07.038884,hvac_reset,0.153,system_fault
CE_942661D43FF7,BLDG_CD80C6ACBFC2,2023-07-20 17:00:00,2023-07-20 20:41:27.783086,setpoint_adjustment,0.335,manual_override
CE_74103ECFCF09,BLDG_CD80C6ACBFC2,2023-03-01 10:00:00,2023-03-01 12:09:17.271676,setpoint_adjustment,0.396,tariff_response
CE_454A31EE4F48,BLDG_CD80C6ACBFC2,2023-11-03 20:00:00,2023-11-03 22:57:54.897621,hvac_reset,0.215,manual_override
CE_EC11E2291B41,BLDG_CD80C6ACBFC2,2023-05-04 19:00:00,2023-05-04 22:00:26.633401,hvac_reset,0.116,manual_override
CE_DE028A1A51A5,BLDG_CD80C6ACBFC2,2023-10-12 20:00:00,2023-10-12 23:44:34.089339,load_shedding,0.278,system_fault
CE_7262EFA7B542,BLDG_CD80C6ACBFC2,2023-09-27 11:00:00,2023-09-27 14:28:51.712519,hvac_reset,0.13,manual_override
CE_1A6A40020998,BLDG_CD80C6ACBFC2,2023-04-06 19:00:00,2023-04-06 20:20:57.658561,setpoint_adjustment,0.064,manual_override
CE_AB2EF172B488,BLDG_CD80C6ACBFC2,2023-04-02 17:00:00,2023-04-02 20:24:18.690935,load_shedding,0.33,tariff_response
CE_B60C124C2FB2,BLDG_CD80C6ACBFC2,2023-10-29 11:00:00,2023-10-29 13:05:07.604166,lighting_dimming,0.382,manual_override
CE_2DEB38EE2458,BLDG_CD80C6ACBFC2,2023-06-27 19:00:00,2023-06-27 22:01:55.625390,lighting_dimming,0.085,tariff_response
CE_3491F11C9B44,BLDG_CD80C6ACBFC2,2023-12-06 10:00:00,2023-12-06 10:48:41.395324,lighting_dimming,0.274,manual_override
CE_5C258A640CF8,BLDG_CD80C6ACBFC2,2023-01-30 20:00:00,2023-01-30 21:50:14.823737,lighting_dimming,0.384,weather_condition
CE_C9CD01994E88,BLDG_CD80C6ACBFC2,2023-02-22 11:00:00,2023-02-22 14:05:20.702709,hvac_reset,0.38,manual_override
CE_F277E5E286F4,BLDG_CD80C6ACBFC2,2023-02-15 10:00:00,2023-02-15 13:04:27.328713,hvac_reset,0.231,weather_condition
CE_A5BAF51097CF,BLDG_CD80C6ACBFC2,2023-06-27 20:00:00,2023-06-27 21:22:09.780446,setpoint_adjustment,0.164,system_fault
CE_17EE4BE5B2C6,BLDG_A45B5D99DA5C,2023-09-27 08:00:00,2023-09-27 10:02:51.443764,setpoint_adjustment,0.209,system_fault
CE_1A0AF1A09A2D,BLDG_A45B5D99DA5C,2023-10-05 08:00:00,2023-10-05 11:36:23.940714,setpoint_adjustment,0.153,tariff_response
CE_B813277C8A9B,BLDG_A45B5D99DA5C,2023-08-09 20:00:00,2023-08-09 23:50:34.939952,load_shedding,0.184,weather_condition
CE_AD71D1373079,BLDG_A45B5D99DA5C,2023-04-10 11:00:00,2023-04-10 13:04:50.926302,hvac_reset,0.106,tariff_response
CE_753C2FA9294C,BLDG_A45B5D99DA5C,2023-02-10 10:00:00,2023-02-10 11:18:17.152227,lighting_dimming,0.186,manual_override
CE_F03EA62C51AA,BLDG_A45B5D99DA5C,2023-12-19 18:00:00,2023-12-19 20:39:59.646295,load_shedding,0.219,system_fault
CE_C3557278C24A,BLDG_A45B5D99DA5C,2023-03-27 10:00:00,2023-03-27 11:31:30.041180,hvac_reset,0.158,system_fault
CE_8A1E027BDF49,BLDG_A45B5D99DA5C,2023-03-30 20:00:00,2023-03-30 20:48:06.497793,hvac_reset,0.144,system_fault
CE_F31C5C0DE053,BLDG_A45B5D99DA5C,2023-05-23 08:00:00,2023-05-23 08:45:54.242544,hvac_reset,0.23,tariff_response
CE_C7D8CA34DA28,BLDG_A45B5D99DA5C,2023-07-06 08:00:00,2023-07-06 11:10:55.051824,load_shedding,0.369,system_fault
CE_EE3873CF9A44,BLDG_A45B5D99DA5C,2023-12-18 11:00:00,2023-12-18 12:44:15.498105,setpoint_adjustment,0.229,system_fault
CE_826D8D886D33,BLDG_A45B5D99DA5C,2023-09-28 11:00:00,2023-09-28 11:33:59.006277,lighting_dimming,0.081,manual_override
CE_AD2DA6DAAE97,BLDG_A45B5D99DA5C,2023-02-12 10:00:00,2023-02-12 12:05:47.229759,hvac_reset,0.061,weather_condition
CE_E250D41EC3BB,BLDG_A45B5D99DA5C,2023-04-24 18:00:00,2023-04-24 20:49:03.097938,hvac_reset,0.199,system_fault
CE_6E9CBB5D1B2B,BLDG_A45B5D99DA5C,2023-11-21 18:00:00,2023-11-21 19:37:05.518058,hvac_reset,0.22,manual_override
CE_EFA408FE3807,BLDG_A45B5D99DA5C,2023-12-14 08:00:00,2023-12-14 08:33:55.257854,load_shedding,0.302,weather_condition
CE_4B24AA5ADF06,BLDG_A45B5D99DA5C,2023-09-28 18:00:00,2023-09-28 19:52:59.590111,load_shedding,0.124,manual_override
CE_A02244A3C91A,BLDG_A45B5D99DA5C,2023-12-29 11:00:00,2023-12-29 12:34:06.408202,lighting_dimming,0.313,system_fault
CE_19D768A73AD4,BLDG_B0BD29BB0A5C,2023-01-19 08:00:00,2023-01-19 11:09:23.870230,hvac_reset,0.081,tariff_response
CE_1D4235299393,BLDG_B0BD29BB0A5C,2023-12-04 08:00:00,2023-12-04 08:56:31.627191,hvac_reset,0.368,tariff_response
CE_F5F2F15B9929,BLDG_B0BD29BB0A5C,2023-07-12 18:00:00,2023-07-12 19:03:08.425013,load_shedding,0.126,manual_override
CE_A35C6A055D1A,BLDG_B0BD29BB0A5C,2023-04-01 20:00:00,2023-04-01 22:36:59.100599,load_shedding,0.253,manual_override
CE_7D20BECB61E1,BLDG_B0BD29BB0A5C,2023-03-04 08:00:00,2023-03-04 11:46:18.107112,load_shedding,0.272,system_fault
CE_7735EEF8CFC7,BLDG_B0BD29BB0A5C,2023-02-17 09:00:00,2023-02-17 09:55:55.753895,hvac_reset,0.21,weather_condition
CE_1189523D5F73,BLDG_B0BD29BB0A5C,2023-07-03 19:00:00,2023-07-03 21:19:22.664669,lighting_dimming,0.395,tariff_response
CE_DA6F514CF2ED,BLDG_B0BD29BB0A5C,2023-02-25 20:00:00,2023-02-25 20:54:17.330393,setpoint_adjustment,0.232,system_fault
CE_719B1D3BAF9D,BLDG_B0BD29BB0A5C,2023-05-11 17:00:00,2023-05-11 19:31:01.088766,setpoint_adjustment,0.066,system_fault
CE_0AB19FE8637C,BLDG_B0BD29BB0A5C,2023-01-27 09:00:00,2023-01-27 12:29:58.991986,hvac_reset,0.125,tariff_response
CE_D23B711DFB2B,BLDG_B0BD29BB0A5C,2023-05-16 10:00:00,2023-05-16 12:56:12.485351,setpoint_adjustment,0.334,manual_override
CE_17A6861D1B8D,BLDG_B0BD29BB0A5C,2023-05-08 09:00:00,2023-05-08 09:55:53.646760,hvac_reset,0.223,weather_condition
CE_4DC42FCB6C0B,BLDG_B0BD29BB0A5C,2023-08-14 20:00:00,2023-08-14 22:35:49.636066,hvac_reset,0.231,manual_override
CE_7AE36DDA86A0,BLDG_B0BD29BB0A5C,2023-10-01 18:00:00,2023-10-01 21:30:05.484354,setpoint_adjustment,0.131,manual_override
CE_048D9688D9A1,BLDG_B0BD29BB0A5C,2023-10-04 18:00:00,2023-10-04 19:55:40.770068,setpoint_adjustment,0.254,manual_override
CE_C15ABA319EEF,BLDG_B0BD29BB0A5C,2023-07-21 19:00:00,2023-07-21 21:52:12.108092,setpoint_adjustment,0.183,manual_override
CE_231594B8507E,BLDG_B0BD29BB0A5C,2023-10-29 11:00:00,2023-10-29 14:39:08.540929,hvac_reset,0.34,tariff_response
CE_AF48DEBC196E,BLDG_B0BD29BB0A5C,2023-12-13 18:00:00,2023-12-13 18:51:21.637396,load_shedding,0.372,manual_override
CE_BF9AFEDA477A,BLDG_B0BD29BB0A5C,2023-08-07 11:00:00,2023-08-07 14:10:34.322477,setpoint_adjustment,0.337,tariff_response
CE_0450DB2422E8,BLDG_B0BD29BB0A5C,2023-09-07 17:00:00,2023-09-07 19:19:54.706126,load_shedding,0.239,tariff_response
CE_04B03FD6E717,BLDG_B0BD29BB0A5C,2023-04-04 18:00:00,2023-04-04 21:35:14.128614,setpoint_adjustment,0.1,weather_condition
CE_07658CC6CB27,BLDG_B0BD29BB0A5C,2023-12-10 20:00:00,2023-12-10 21:35:21.602055,lighting_dimming,0.116,weather_condition
CE_AAD254E1945B,BLDG_B0BD29BB0A5C,2023-04-10 08:00:00,2023-04-10 10:39:58.910467,lighting_dimming,0.082,weather_condition
CE_63C8041D3E9C,BLDG_B0BD29BB0A5C,2023-06-14 08:00:00,2023-06-14 09:55:59.018071,lighting_dimming,0.236,system_fault
CE_99949B69F93E,BLDG_B0BD29BB0A5C,2023-03-24 18:00:00,2023-03-24 20:30:28.232400,setpoint_adjustment,0.212,system_fault
CE_1F2818D3190C,BLDG_B0BD29BB0A5C,2023-02-10 11:00:00,2023-02-10 14:30:55.925638,load_shedding,0.205,weather_condition
CE_437F07B937AA,BLDG_B0BD29BB0A5C,2023-10-23 08:00:00,2023-10-23 11:06:56.013648,hvac_reset,0.253,tariff_response
CE_606FA5F967D0,BLDG_B0BD29BB0A5C,2023-12-29 18:00:00,2023-12-29 19:12:58.855868,setpoint_adjustment,0.258,system_fault
CE_58E041849D15,BLDG_3B6A296EE843,2023-03-02 11:00:00,2023-03-02 14:32:27.552703,load_shedding,0.111,manual_override
CE_C573E1497C14,BLDG_3B6A296EE843,2023-10-15 19:00:00,2023-10-15 21:38:17.445942,lighting_dimming,0.223,system_fault
CE_8880184D0161,BLDG_3B6A296EE843,2023-06-20 18:00:00,2023-06-20 19:50:31.682004,lighting_dimming,0.258,tariff_response
CE_57C0EE8F02FA,BLDG_3B6A296EE843,2023-10-12 18:00:00,2023-10-12 21:46:46.736579,setpoint_adjustment,0.299,manual_override
CE_86D3E7FB9D68,BLDG_3B6A296EE843,2023-12-02 18:00:00,2023-12-02 21:47:38.733198,load_shedding,0.107,tariff_response
CE_B6C0B4637006,BLDG_3B6A296EE843,2023-11-20 11:00:00,2023-11-20 14:14:37.442599,load_shedding,0.383,tariff_response
CE_32F624C2298F,BLDG_3B6A296EE843,2023-12-02 19:00:00,2023-12-02 21:20:52.771953,load_shedding,0.116,tariff_response
CE_C73797934FDB,BLDG_3B6A296EE843,2023-03-06 11:00:00,2023-03-06 14:31:22.958864,hvac_reset,0.206,tariff_response
CE_C5833108F7B2,BLDG_3B6A296EE843,2023-04-24 17:00:00,2023-04-24 20:53:20.554281,setpoint_adjustment,0.188,tariff_response
CE_D969BF27426C,BLDG_3B6A296EE843,2023-03-31 18:00:00,2023-03-31 19:54:32.635266,load_shedding,0.068,manual_override
CE_BC87C3324FA7,BLDG_3B6A296EE843,2023-09-28 17:00:00,2023-09-28 19:48:55.725831,lighting_dimming,0.398,tariff_response
CE_B6E21C75B094,BLDG_3B6A296EE843,2023-09-17 11:00:00,2023-09-17 11:32:40.840094,hvac_reset,0.177,manual_override
CE_2F28FD604DDA,BLDG_3B6A296EE843,2023-03-31 11:00:00,2023-03-31 12:46:08.980179,hvac_reset,0.055,manual_override
CE_A3D6CDA5BFA0,BLDG_3B6A296EE843,2023-03-05 10:00:00,2023-03-05 11:23:55.234752,setpoint_adjustment,0.352,system_fault
CE_63E88643B614,BLDG_3B6A296EE843,2023-05-17 17:00:00,2023-05-17 18:25:19.281175,setpoint_adjustment,0.377,system_fault
CE_A97FBD3A1C71,BLDG_3B6A296EE843,2023-03-07 18:00:00,2023-03-07 19:01:12.006661,hvac_reset,0.296,manual_override
CE_8B2C30310A7B,BLDG_3B6A296EE843,2023-10-24 17:00:00,2023-10-24 19:07:00.840813,lighting_dimming,0.326,weather_condition
CE_86690FDC569A,BLDG_B6C21509560D,2023-03-15 19:00:00,2023-03-15 22:03:29.553590,lighting_dimming,0.181,weather_condition
CE_CAE7DBE3B473,BLDG_B6C21509560D,2023-08-11 17:00:00,2023-08-11 20:35:15.910022,lighting_dimming,0.195,manual_override
CE_B3E7ED4BD4C5,BLDG_B6C21509560D,2023-04-15 10:00:00,2023-04-15 12:43:58.865401,hvac_reset,0.134,tariff_response
CE_146ED8FD4BDC,BLDG_B6C21509560D,2023-01-20 09:00:00,2023-01-20 10:51:00.125153,setpoint_adjustment,0.127,tariff_response
CE_512C5EB31895,BLDG_B6C21509560D,2023-09-25 17:00:00,2023-09-25 20:14:35.604058,hvac_reset,0.318,tariff_response
CE_7380BF0E33E4,BLDG_B6C21509560D,2023-06-20 18:00:00,2023-06-20 21:19:44.943284,load_shedding,0.195,system_fault
CE_1B732B59BF8B,BLDG_B6C21509560D,2023-08-22 11:00:00,2023-08-22 13:10:08.552529,hvac_reset,0.196,system_fault
CE_6F31EB570BA9,BLDG_B6C21509560D,2023-02-09 10:00:00,2023-02-09 12:15:34.154769,load_shedding,0.357,system_fault
CE_FDCA53AFE13A,BLDG_B6C21509560D,2023-09-02 11:00:00,2023-09-02 11:56:23.584607,hvac_reset,0.11,manual_override
CE_998CE70EB0C2,BLDG_B6C21509560D,2023-03-20 19:00:00,2023-03-20 19:57:58.194946,setpoint_adjustment,0.099,system_fault
CE_6E7EA9129E90,BLDG_B6C21509560D,2023-05-22 11:00:00,2023-05-22 12:50:26.183002,load_shedding,0.062,weather_condition
CE_37BD7DA78C7C,BLDG_B6C21509560D,2023-09-24 19:00:00,2023-09-24 20:37:41.289865,setpoint_adjustment,0.394,weather_condition
CE_E9F84CBD420A,BLDG_B6C21509560D,2023-12-11 11:00:00,2023-12-11 13:16:28.110814,lighting_dimming,0.105,manual_override
CE_A3F0930920C7,BLDG_B6C21509560D,2023-10-27 09:00:00,2023-10-27 10:28:47.067825,load_shedding,0.353,tariff_response
CE_39A9D28F81AD,BLDG_B6C21509560D,2023-05-20 19:00:00,2023-05-20 22:06:41.554395,lighting_dimming,0.31,manual_override
CE_8D825DF4CA73,BLDG_B6C21509560D,2023-11-21 18:00:00,2023-11-21 20:00:30.324939,load_shedding,0.28,tariff_response
CE_B2DCF0E3559D,BLDG_B6C21509560D,2023-05-30 09:00:00,2023-05-30 10:06:16.531044,lighting_dimming,0.287,tariff_response
CE_F48A5A6F1787,BLDG_B6C21509560D,2023-06-24 09:00:00,2023-06-24 10:53:37.508493,lighting_dimming,0.117,manual_override
CE_8F51D9CE55B4,BLDG_B6C21509560D,2023-01-24 18:00:00,2023-01-24 20:51:19.119505,load_shedding,0.332,tariff_response
CE_3706AB2F5768,BLDG_B6C21509560D,2023-06-25 18:00:00,2023-06-25 20:30:31.890076,lighting_dimming,0.313,tariff_response
CE_5F3D90C60BF4,BLDG_B6C21509560D,2023-09-05 10:00:00,2023-09-05 10:49:27.896314,load_shedding,0.313,tariff_response
CE_F32312FA921C,BLDG_B6C21509560D,2023-03-23 17:00:00,2023-03-23 19:20:50.500637,hvac_reset,0.207,system_fault
CE_10795C7999E2,BLDG_B6C21509560D,2023-06-21 17:00:00,2023-06-21 20:18:15.384051,setpoint_adjustment,0.173,system_fault
CE_3F13B9306D02,BLDG_B6C21509560D,2023-06-28 10:00:00,2023-06-28 11:14:17.076850,lighting_dimming,0.284,weather_condition
CE_AEC6DFAC2A26,BLDG_B6C21509560D,2023-09-27 17:00:00,2023-09-27 20:17:26.455712,load_shedding,0.236,manual_override
CE_0F6E069F0A96,BLDG_82BB59189544,2023-05-23 17:00:00,2023-05-23 19:23:51.025066,hvac_reset,0.313,system_fault
CE_4AA6127794F9,BLDG_82BB59189544,2023-02-17 17:00:00,2023-02-17 20:36:52.144946,lighting_dimming,0.202,weather_condition
CE_5E3A9C3AB12C,BLDG_82BB59189544,2023-04-09 10:00:00,2023-04-09 12:32:28.925954,hvac_reset,0.132,system_fault
CE_FF51ADC13FA1,BLDG_82BB59189544,2023-10-02 10:00:00,2023-10-02 12:42:46.052220,setpoint_adjustment,0.224,manual_override
CE_7EB736B5E1E8,BLDG_82BB59189544,2023-10-09 19:00:00,2023-10-09 20:06:12.263040,load_shedding,0.392,weather_condition
CE_BB23BBDA3DDB,BLDG_82BB59189544,2023-11-20 17:00:00,2023-11-20 18:28:47.573808,setpoint_adjustment,0.211,manual_override
CE_1A2A00F498DB,BLDG_82BB59189544,2023-07-06 10:00:00,2023-07-06 11:58:31.478043,setpoint_adjustment,0.253,tariff_response
CE_F1E537C51CA5,BLDG_82BB59189544,2023-11-23 17:00:00,2023-11-23 19:16:34.763579,hvac_reset,0.32,weather_condition
CE_E99A7D73B26C,BLDG_82BB59189544,2023-01-29 10:00:00,2023-01-29 12:09:14.763789,load_shedding,0.233,system_fault
CE_9B6DEFC6D14F,BLDG_82BB59189544,2023-09-13 17:00:00,2023-09-13 19:13:17.330879,lighting_dimming,0.201,weather_condition
CE_34DB1878174F,BLDG_82BB59189544,2023-12-12 17:00:00,2023-12-12 19:53:24.154892,setpoint_adjustment,0.3,system_fault
CE_CA058C672983,BLDG_82BB59189544,2023-06-20 11:00:00,2023-06-20 12:17:35.850383,hvac_reset,0.174,manual_override
CE_46513CD9503F,BLDG_82BB59189544,2023-10-08 18:00:00,2023-10-08 18:49:29.527137,load_shedding,0.313,weather_condition
CE_E1A8A48954D5,BLDG_82BB59189544,2023-12-08 10:00:00,2023-12-08 12:13:32.631357,hvac_reset,0.086,weather_condition
CE_5BCD1703F624,BLDG_82BB59189544,2023-12-22 09:00:00,2023-12-22 12:08:27.438945,load_shedding,0.151,tariff_response
CE_1670DAA0B381,BLDG_82BB59189544,2023-08-04 17:00:00,2023-08-04 17:47:34.092770,lighting_dimming,0.33,manual_override
CE_2459C7E47FB5,BLDG_82BB59189544,2023-12-03 18:00:00,2023-12-03 19:17:28.703890,load_shedding,0.179,system_fault
CE_CA413C35D5BD,BLDG_82BB59189544,2023-02-12 11:00:00,2023-02-12 11:46:25.377110,load_shedding,0.131,system_fault
CE_8754DE5376EB,BLDG_82BB59189544,2023-05-10 10:00:00,2023-05-10 10:57:29.268290,setpoint_adjustment,0.373,weather_condition
CE_8D0DF175B64C,BLDG_82BB59189544,2023-06-15 17:00:00,2023-06-15 19:39:25.717516,setpoint_adjustment,0.16,tariff_response
CE_F4AD2B8AD7CD,BLDG_82BB59189544,2023-11-01 19:00:00,2023-11-01 21:25:25.989428,load_shedding,0.301,weather_condition
CE_08B8E4A73CFE,BLDG_82BB59189544,2023-08-15 10:00:00,2023-08-15 12:16:43.590294,setpoint_adjustment,0.318,weather_condition
CE_E5F80DF21CC8,BLDG_82BB59189544,2023-03-25 10:00:00,2023-03-25 12:45:27.328404,hvac_reset,0.13,weather_condition
CE_AC9CD81FCD9A,BLDG_82BB59189544,2023-02-26 17:00:00,2023-02-26 19:12:20.163153,setpoint_adjustment,0.32,manual_override
CE_96E23D0DD7C0,BLDG_82BB59189544,2023-07-08 17:00:00,2023-07-08 19:32:22.817110,load_shedding,0.098,system_fault
CE_956814928BB1,BLDG_A882B7B29127,2023-11-09 09:00:00,2023-11-09 09:49:09.157515,load_shedding,0.197,tariff_response
CE_24FCBFE8655E,BLDG_A882B7B29127,2023-05-20 18:00:00,2023-05-20 20:24:44.586533,lighting_dimming,0.174,manual_override
CE_4C4393ECD3D0,BLDG_A882B7B29127,2023-04-15 17:00:00,2023-04-15 20:30:50.222271,lighting_dimming,0.15,weather_condition
CE_B5DD58C8A62B,BLDG_A882B7B29127,2023-11-28 09:00:00,2023-11-28 10:36:20.092042,lighting_dimming,0.216,system_fault
CE_7C373BE51096,BLDG_A882B7B29127,2023-02-22 17:00:00,2023-02-22 19:37:47.442053,load_shedding,0.238,system_fault
CE_003F24F7FFD9,BLDG_A882B7B29127,2023-03-27 09:00:00,2023-03-27 11:11:06.790399,lighting_dimming,0.398,manual_override
CE_9186E18C11A0,BLDG_A882B7B29127,2023-10-30 10:00:00,2023-10-30 10:49:14.163462,lighting_dimming,0.314,weather_condition
CE_5C1BAE9AC8EC,BLDG_A882B7B29127,2023-06-09 19:00:00,2023-06-09 22:23:25.623206,load_shedding,0.18,system_fault
CE_2C407D03E30E,BLDG_A882B7B29127,2023-11-23 09:00:00,2023-11-23 11:11:37.649978,hvac_reset,0.326,manual_override
CE_5A00A6764817,BLDG_A882B7B29127,2023-07-15 17:00:00,2023-07-15 17:33:42.762895,lighting_dimming,0.272,system_fault
CE_0153BE9117CB,BLDG_C7F36F7B73E7,2023-07-18 10:00:00,2023-07-18 12:37:10.294190,lighting_dimming,0.161,system_fault
CE_070956BC1EE5,BLDG_C7F36F7B73E7,2023-12-05 09:00:00,2023-12-05 12:49:41.091109,setpoint_adjustment,0.074,tariff_response
CE_D7645DB58B8B,BLDG_C7F36F7B73E7,2023-02-11 11:00:00,2023-02-11 13:33:42.259082,hvac_reset,0.393,manual_override
CE_83382B8FF959,BLDG_C7F36F7B73E7,2023-04-26 11:00:00,2023-04-26 12:12:51.758445,load_shedding,0.222,manual_override
CE_84517B98D850,BLDG_C7F36F7B73E7,2023-01-02 17:00:00,2023-01-02 17:50:51.194225,load_shedding,0.168,tariff_response
CE_59A190EB611B,BLDG_C7F36F7B73E7,2023-12-11 09:00:00,2023-12-11 12:42:02.277814,setpoint_adjustment,0.145,system_fault
CE_952B9633F0E0,BLDG_C7F36F7B73E7,2023-01-04 17:00:00,2023-01-04 19:09:06.922523,lighting_dimming,0.297,manual_override
CE_F76B5E33F45A,BLDG_C7F36F7B73E7,2023-03-18 09:00:00,2023-03-18 10:18:36.594790,lighting_dimming,0.374,weather_condition
CE_3E99C1EF13E9,BLDG_C7F36F7B73E7,2023-05-08 17:00:00,2023-05-08 17:48:16.091594,load_shedding,0.344,manual_override
CE_23B5FC9AEC72,BLDG_C7F36F7B73E7,2023-05-18 17:00:00,2023-05-18 18:36:36.589163,hvac_reset,0.269,manual_override
CE_11410C8B3DB9,BLDG_E72986DD82A0,2023-02-22 19:00:00,2023-02-22 19:46:55.036520,setpoint_adjustment,0.215,manual_override
CE_CCCB4D8F6FDF,BLDG_E72986DD82A0,2023-08-04 10:00:00,2023-08-04 13:24:23.749935,hvac_reset,0.179,weather_condition
CE_7C5FA63AE086,BLDG_E72986DD82A0,2023-06-03 09:00:00,2023-06-03 11:22:39.341064,setpoint_adjustment,0.22,manual_override
CE_66AC553236F6,BLDG_E72986DD82A0,2023-05-10 17:00:00,2023-05-10 18:29:29.554131,load_shedding,0.223,weather_condition
CE_55C21C12F550,BLDG_E72986DD82A0,2023-05-01 09:00:00,2023-05-01 11:56:46.702647,load_shedding,0.219,weather_condition
CE_A56603FDFC51,BLDG_E72986DD82A0,2023-04-30 11:00:00,2023-04-30 13:19:46.817507,setpoint_adjustment,0.172,system_fault
CE_D1BD768A8955,BLDG_E72986DD82A0,2023-07-24 09:00:00,2023-07-24 11:36:15.117837,hvac_reset,0.192,system_fault
CE_9955FE313CA9,BLDG_E72986DD82A0,2023-11-15 19:00:00,2023-11-15 21:02:06.665557,hvac_reset,0.066,weather_condition
CE_A85BF9611548,BLDG_E72986DD82A0,2023-09-29 18:00:00,2023-09-29 21:55:57.925156,setpoint_adjustment,0.332,manual_override
CE_420C815AA66E,BLDG_E72986DD82A0,2023-11-04 09:00:00,2023-11-04 10:41:48.056528,load_shedding,0.144,weather_condition
CE_15CA6F32C401,BLDG_E72986DD82A0,2023-12-04 09:00:00,2023-12-04 11:53:07.496636,setpoint_adjustment,0.288,manual_override
CE_AE458182D108,BLDG_E72986DD82A0,2023-07-08 10:00:00,2023-07-08 12:28:11.185594,setpoint_adjustment,0.07,weather_condition
CE_CFADA222124F,BLDG_E72986DD82A0,2023-07-31 09:00:00,2023-07-31 10:45:09.637447,setpoint_adjustment,0.088,weather_condition
CE_D20489DE0E01,BLDG_E72986DD82A0,2023-04-20 18:00:00,2023-04-20 21:33:11.773387,setpoint_adjustment,0.101,tariff_response
CE_70E148462E6D,BLDG_E72986DD82A0,2023-04-14 11:00:00,2023-04-14 13:29:20.741464,hvac_reset,0.339,system_fault
CE_0D247319EF4D,BLDG_E72986DD82A0,2023-04-12 11:00:00,2023-04-12 14:46:07.290978,lighting_dimming,0.286,system_fault
CE_830D54BF0CD9,BLDG_E72986DD82A0,2023-07-02 11:00:00,2023-07-02 11:32:22.847286,hvac_reset,0.195,weather_condition
CE_87CDFE16FC26,BLDG_E72986DD82A0,2023-02-03 17:00:00,2023-02-03 18:13:26.164384,load_shedding,0.184,system_fault
CE_D8026D9F2CD5,BLDG_E72986DD82A0,2023-09-22 10:00:00,2023-09-22 13:10:38.545209,load_shedding,0.191,tariff_response
CE_975A51FF356B,BLDG_E72986DD82A0,2023-04-08 10:00:00,2023-04-08 11:51:22.594067,hvac_reset,0.369,tariff_response
CE_5277EA21C3D8,BLDG_E72986DD82A0,2023-12-01 10:00:00,2023-12-01 11:10:32.823058,lighting_dimming,0.08,system_fault
CE_9B821560D2FE,BLDG_D6784B58F566,2023-07-23 20:00:00,2023-07-23 21:51:43.972988,hvac_reset,0.3,weather_condition
CE_BAE841B7BC0E,BLDG_D6784B58F566,2023-10-13 11:00:00,2023-10-13 12:38:50.507116,setpoint_adjustment,0.129,manual_override
CE_96939D3F5390,BLDG_D6784B58F566,2023-01-18 18:00:00,2023-01-18 19:31:12.278467,hvac_reset,0.288,tariff_response
CE_607814D4093F,BLDG_D6784B58F566,2023-10-16 09:00:00,2023-10-16 09:59:50.850529,setpoint_adjustment,0.242,system_fault
CE_5376CB516468,BLDG_D6784B58F566,2023-10-16 09:00:00,2023-10-16 10:27:09.661118,setpoint_adjustment,0.105,tariff_response
CE_64EEA28A1D24,BLDG_D6784B58F566,2023-10-08 10:00:00,2023-10-08 12:28:36.442543,load_shedding,0.317,tariff_response
CE_C139C4D9A64C,BLDG_D6784B58F566,2023-12-17 10:00:00,2023-12-17 11:14:24.203922,hvac_reset,0.058,system_fault
CE_2266A0B0CB8E,BLDG_D6784B58F566,2023-01-08 21:00:00,2023-01-08 21:51:08.762897,setpoint_adjustment,0.375,manual_override
CE_16C7C0AC7F75,BLDG_D6784B58F566,2023-02-18 09:00:00,2023-02-18 11:27:03.107984,load_shedding,0.17,system_fault
CE_002408971FD7,BLDG_D6784B58F566,2023-08-31 20:00:00,2023-08-31 21:27:35.957951,hvac_reset,0.059,manual_override
CE_FC3B9E9ABD07,BLDG_D6784B58F566,2023-03-25 21:00:00,2023-03-25 21:58:03.775498,load_shedding,0.31,manual_override
CE_2931953504AB,BLDG_D6784B58F566,2023-10-22 20:00:00,2023-10-22 22:10:02.531037,hvac_reset,0.124,manual_override
CE_59B3374A4781,BLDG_D6784B58F566,2023-05-10 10:00:00,2023-05-10 12:38:44.128104,setpoint_adjustment,0.353,system_fault
CE_4D2DC0925711,BLDG_787E6697847E,2023-02-11 19:00:00,2023-02-11 21:55:13.085159,lighting_dimming,0.249,tariff_response
CE_19625BBA0830,BLDG_787E6697847E,2023-05-22 10:00:00,2023-05-22 12:57:40.326513,load_shedding,0.283,manual_override
CE_F252BB3E598A,BLDG_787E6697847E,2023-03-11 10:00:00,2023-03-11 11:03:50.906230,setpoint_adjustment,0.066,system_fault
CE_AD9255997142,BLDG_787E6697847E,2023-03-14 19:00:00,2023-03-14 20:02:43.206197,load_shedding,0.249,tariff_response
CE_1B1BF5CC227E,BLDG_787E6697847E,2023-05-26 09:00:00,2023-05-26 11:45:25.609644,lighting_dimming,0.147,tariff_response
CE_6AF4D07C31E9,BLDG_787E6697847E,2023-10-29 09:00:00,2023-10-29 10:13:41.650168,hvac_reset,0.099,system_fault
CE_E898443A66B8,BLDG_787E6697847E,2023-06-15 21:00:00,2023-06-16 00:26:31.613172,hvac_reset,0.127,weather_condition
CE_B69FB72598C3,BLDG_787E6697847E,2023-11-21 18:00:00,2023-11-21 19:12:32.548322,hvac_reset,0.282,manual_override
CE_82714EC0F15A,BLDG_787E6697847E,2023-07-16 19:00:00,2023-07-16 19:46:29.152905,lighting_dimming,0.062,manual_override
CE_91EFBDE46771,BLDG_787E6697847E,2023-08-29 09:00:00,2023-08-29 09:47:25.470208,lighting_dimming,0.361,tariff_response
CE_09CC4C8B1C2E,BLDG_787E6697847E,2023-05-29 21:00:00,2023-05-29 23:03:29.549241,lighting_dimming,0.284,weather_condition
CE_CC4D08176FF1,BLDG_787E6697847E,2023-12-04 11:00:00,2023-12-04 12:45:05.586484,lighting_dimming,0.326,tariff_response
CE_574ED02A4175,BLDG_787E6697847E,2023-06-23 18:00:00,2023-06-23 19:55:52.195845,hvac_reset,0.351,system_fault
CE_B113CBA3C0D7,BLDG_787E6697847E,2023-03-06 18:00:00,2023-03-06 19:37:19.930395,load_shedding,0.099,manual_override
CE_3A191922406A,BLDG_787E6697847E,2023-02-11 21:00:00,2023-02-11 21:35:34.096919,hvac_reset,0.063,weather_condition
CE_18DB259892F3,BLDG_787E6697847E,2023-06-07 21:00:00,2023-06-07 22:38:33.213127,load_shedding,0.392,tariff_response
CE_E92CFE879587,BLDG_787E6697847E,2023-11-17 11:00:00,2023-11-17 13:02:12.744655,lighting_dimming,0.326,manual_override
CE_78A4EC65EE0A,BLDG_787E6697847E,2023-04-30 21:00:00,2023-04-30 22:21:13.847081,lighting_dimming,0.367,weather_condition
CE_D1CDDD48894C,BLDG_787E6697847E,2023-04-13 19:00:00,2023-04-13 20:35:52.159423,hvac_reset,0.138,weather_condition
CE_56D9846E6F94,BLDG_787E6697847E,2023-06-03 21:00:00,2023-06-03 22:43:29.170590,setpoint_adjustment,0.349,system_fault
CE_E00F32DABFE8,BLDG_787E6697847E,2023-10-06 09:00:00,2023-10-06 11:23:03.619943,lighting_dimming,0.234,system_fault
CE_05B3023D2E3E,BLDG_787E6697847E,2023-06-20 09:00:00,2023-06-20 12:21:57.708197,hvac_reset,0.132,system_fault
CE_B15472B69FA1,BLDG_787E6697847E,2023-12-23 09:00:00,2023-12-23 12:39:18.342097,load_shedding,0.336,tariff_response
CE_F67C2DD24513,BLDG_A09A2484C426,2023-03-25 10:00:00,2023-03-25 12:29:07.949798,hvac_reset,0.13,manual_override
CE_B6DE1846574B,BLDG_A09A2484C426,2023-12-29 21:00:00,2023-12-30 00:57:56.687338,hvac_reset,0.188,tariff_response
CE_31F8F352C746,BLDG_A09A2484C426,2023-08-15 10:00:00,2023-08-15 12:49:44.360226,load_shedding,0.113,weather_condition
CE_C8BBF3159AEE,BLDG_A09A2484C426,2023-08-02 10:00:00,2023-08-02 11:18:09.511789,setpoint_adjustment,0.156,tariff_response
CE_AC51B0C0232B,BLDG_A09A2484C426,2023-10-17 09:00:00,2023-10-17 12:38:48.079826,setpoint_adjustment,0.084,manual_override
CE_B2CE4838DC4A,BLDG_A09A2484C426,2023-08-08 21:00:00,2023-08-08 23:20:07.806969,setpoint_adjustment,0.2,tariff_response
CE_95DFA96559B1,BLDG_A09A2484C426,2023-09-17 20:00:00,2023-09-17 23:57:06.844252,setpoint_adjustment,0.156,manual_override
CE_F0ED564D4464,BLDG_A09A2484C426,2023-12-30 09:00:00,2023-12-30 10:43:03.735097,hvac_reset,0.056,manual_override
CE_2EB76BE14A42,BLDG_A09A2484C426,2023-11-18 11:00:00,2023-11-18 11:37:41.777921,load_shedding,0.17,system_fault
CE_7A8961167FDD,BLDG_A09A2484C426,2023-01-31 18:00:00,2023-01-31 19:06:12.235087,load_shedding,0.166,tariff_response
CE_191107278114,BLDG_A09A2484C426,2023-08-09 19:00:00,2023-08-09 21:19:35.374973,setpoint_adjustment,0.385,manual_override
CE_204BCE685CC3,BLDG_A09A2484C426,2023-02-01 19:00:00,2023-02-01 20:21:58.032388,hvac_reset,0.075,weather_condition
CE_CBA40EF9EC7C,BLDG_A09A2484C426,2023-10-16 19:00:00,2023-10-16 22:52:15.876900,load_shedding,0.137,system_fault
CE_A1CF67100EC7,BLDG_A09A2484C426,2023-01-23 20:00:00,2023-01-23 22:56:47.118288,load_shedding,0.283,manual_override
CE_BF69D84DB7E7,BLDG_A09A2484C426,2023-11-24 20:00:00,2023-11-24 23:51:46.232915,hvac_reset,0.386,system_fault
CE_C85C4744B6EA,BLDG_A09A2484C426,2023-06-22 20:00:00,2023-06-22 22:45:57.432120,setpoint_adjustment,0.056,manual_override
CE_6434F1F4AEBE,BLDG_A09A2484C426,2023-11-01 09:00:00,2023-11-01 09:42:26.682974,load_shedding,0.075,tariff_response
CE_D94243BFE9AC,BLDG_A09A2484C426,2023-07-29 18:00:00,2023-07-29 19:22:07.350094,hvac_reset,0.185,manual_override
CE_3D39AC166C5C,BLDG_A09A2484C426,2023-12-17 11:00:00,2023-12-17 14:45:43.087537,lighting_dimming,0.293,weather_condition
CE_144F8D7A735E,BLDG_A09A2484C426,2023-04-30 09:00:00,2023-04-30 12:46:22.014200,hvac_reset,0.272,weather_condition
CE_9FCE8B3EDF58,BLDG_A09A2484C426,2023-11-11 11:00:00,2023-11-11 12:55:32.117417,hvac_reset,0.132,system_fault
CE_AA03E9DC6618,BLDG_A09A2484C426,2023-11-28 10:00:00,2023-11-28 10:43:16.495275,hvac_reset,0.25,weather_condition
CE_4987E82CA32C,BLDG_A09A2484C426,2023-09-09 09:00:00,2023-09-09 09:31:08.074367,load_shedding,0.331,system_fault
CE_107F9DC2B3A2,BLDG_A09A2484C426,2023-08-19 18:00:00,2023-08-19 20:24:07.069376,load_shedding,0.061,system_fault
CE_BB21F8D3F69C,BLDG_A09A2484C426,2023-07-26 18:00:00,2023-07-26 18:31:00.226986,setpoint_adjustment,0.081,weather_condition
CE_51CAB692C55C,BLDG_A09A2484C426,2023-12-29 10:00:00,2023-12-29 13:47:58.973083,lighting_dimming,0.177,tariff_response
CE_D0FDD7B6C716,BLDG_45FF699F302D,2023-12-24 11:00:00,2023-12-24 12:41:50.343482,lighting_dimming,0.353,system_fault
CE_C64A5740571A,BLDG_45FF699F302D,2023-10-08 09:00:00,2023-10-08 10:45:30.858071,load_shedding,0.174,tariff_response
CE_1B009FD35535,BLDG_45FF699F302D,2023-01-10 20:00:00,2023-01-10 21:37:28.313783,hvac_reset,0.145,tariff_response
CE_B7D4E421EABF,BLDG_45FF699F302D,2023-08-14 20:00:00,2023-08-14 23:54:15.457199,load_shedding,0.383,system_fault
CE_61A762E6EEB7,BLDG_45FF699F302D,2023-06-18 19:00:00,2023-06-18 19:52:24.357227,hvac_reset,0.382,weather_condition
CE_0117689F023D,BLDG_45FF699F302D,2023-04-13 21:00:00,2023-04-13 23:36:12.950906,setpoint_adjustment,0.113,system_fault
CE_0274A604D65C,BLDG_45FF699F302D,2023-06-06 20:00:00,2023-06-06 22:24:36.937542,hvac_reset,0.314,system_fault
CE_63C1F7815B2D,BLDG_45FF699F302D,2023-07-11 21:00:00,2023-07-11 22:50:31.998821,setpoint_adjustment,0.101,system_fault
CE_99A448FDE0AA,BLDG_45FF699F302D,2023-04-16 19:00:00,2023-04-16 21:01:11.365590,lighting_dimming,0.284,tariff_response
CE_6105214088D5,BLDG_45FF699F302D,2023-12-13 21:00:00,2023-12-13 23:16:59.272662,hvac_reset,0.183,system_fault
CE_29BE36BD9CB2,BLDG_45FF699F302D,2023-04-07 11:00:00,2023-04-07 11:52:14.665281,setpoint_adjustment,0.152,manual_override
CE_9DB0B8F6A987,BLDG_45FF699F302D,2023-10-13 09:00:00,2023-10-13 12:04:30.922244,hvac_reset,0.067,tariff_response
CE_6C36E24E0004,BLDG_45FF699F302D,2023-07-25 20:00:00,2023-07-25 22:19:48.459918,load_shedding,0.175,manual_override
CE_97D4D790822F,BLDG_45FF699F302D,2023-06-16 20:00:00,2023-06-16 23:37:23.173946,load_shedding,0.059,tariff_response
CE_9A31C17C1CA1,BLDG_45FF699F302D,2023-06-29 10:00:00,2023-06-29 13:46:35.581814,setpoint_adjustment,0.21,weather_condition
CE_F7EB96675452,BLDG_45FF699F302D,2023-09-27 10:00:00,2023-09-27 12:50:44.939944,load_shedding,0.083,manual_override
CE_5B9B8FB313FA,BLDG_45FF699F302D,2023-02-02 21:00:00,2023-02-02 22:02:53.925788,setpoint_adjustment,0.348,system_fault
CE_66BFCF9F3765,BLDG_45FF699F302D,2023-01-04 11:00:00,2023-01-04 14:43:59.027446,setpoint_adjustment,0.357,tariff_response
CE_E76BDD82AC9B,BLDG_45FF699F302D,2023-12-05 10:00:00,2023-12-05 11:41:19.182458,setpoint_adjustment,0.222,tariff_response
CE_5B96C2FE1618,BLDG_C4DFAF37662B,2023-05-04 18:00:00,2023-05-04 19:23:22.622676,hvac_reset,0.185,manual_override
CE_A4CF11473D07,BLDG_C4DFAF37662B,2023-12-24 18:00:00,2023-12-24 20:03:00.447060,hvac_reset,0.223,weather_condition
CE_BDD96E54F9FD,BLDG_C4DFAF37662B,2023-02-08 09:00:00,2023-02-08 12:29:00.410821,setpoint_adjustment,0.097,system_fault
CE_AFF3FC83BDEE,BLDG_C4DFAF37662B,2023-10-03 09:00:00,2023-10-03 11:43:42.448197,lighting_dimming,0.324,weather_condition
CE_2A65C1EFB0CC,BLDG_C4DFAF37662B,2023-07-31 18:00:00,2023-07-31 20:55:50.316046,load_shedding,0.172,system_fault
CE_7F875A449F96,BLDG_C4DFAF37662B,2023-12-22 10:00:00,2023-12-22 11:31:19.287902,hvac_reset,0.077,system_fault
CE_6D58D2B959B2,BLDG_867652501462,2023-05-21 10:00:00,2023-05-21 11:27:02.788664,hvac_reset,0.301,tariff_response
CE_0614B97FA965,BLDG_867652501462,2023-06-11 20:00:00,2023-06-11 21:42:31.390228,load_shedding,0.241,tariff_response
CE_086D40BA83E9,BLDG_867652501462,2023-09-30 18:00:00,2023-09-30 19:22:10.156318,lighting_dimming,0.091,tariff_response
CE_680AA3B369F4,BLDG_867652501462,2023-01-02 20:00:00,2023-01-02 22:58:05.352422,lighting_dimming,0.335,weather_condition
CE_F6275705C20D,BLDG_867652501462,2023-12-06 09:00:00,2023-12-06 12:18:24.475521,hvac_reset,0.39,tariff_response
CE_971C47E903DF,BLDG_867652501462,2023-06-27 20:00:00,2023-06-27 22:15:32.410958,load_shedding,0.148,tariff_response
CE_45D5EAA8F972,BLDG_D673B0E04EF3,2023-12-29 10:00:00,2023-12-29 11:21:41.867581,load_shedding,0.371,tariff_response
CE_8282A84538AB,BLDG_D673B0E04EF3,2023-12-01 20:00:00,2023-12-01 23:19:39.338990,hvac_reset,0.327,system_fault
CE_CBAF3C14ACD0,BLDG_D673B0E04EF3,2023-06-15 19:00:00,2023-06-15 19:58:43.725908,setpoint_adjustment,0.097,weather_condition
CE_041E997BEFBE,BLDG_D673B0E04EF3,2023-11-24 11:00:00,2023-11-24 11:41:32.243003,hvac_reset,0.265,tariff_response
CE_317D91A47D03,BLDG_D673B0E04EF3,2023-05-28 21:00:00,2023-05-29 00:54:41.684758,setpoint_adjustment,0.092,system_fault
CE_3FA644E6DD7C,BLDG_D673B0E04EF3,2023-12-19 11:00:00,2023-12-19 12:55:24.653221,lighting_dimming,0.294,weather_condition
CE_DEB4473BE9F5,BLDG_D673B0E04EF3,2023-03-16 11:00:00,2023-03-16 13:50:41.960142,hvac_reset,0.196,manual_override
CE_49DCBDCA86CC,BLDG_D673B0E04EF3,2023-02-22 11:00:00,2023-02-22 12:31:34.761347,lighting_dimming,0.108,system_fault
CE_B1607D73B73B,BLDG_D673B0E04EF3,2023-03-11 10:00:00,2023-03-11 12:06:08.945668,hvac_reset,0.375,manual_override
CE_A9C8B10EAA3A,BLDG_D673B0E04EF3,2023-07-22 21:00:00,2023-07-22 22:07:44.125142,lighting_dimming,0.368,system_fault
CE_3D7B30CEA105,BLDG_D673B0E04EF3,2023-04-22 11:00:00,2023-04-22 12:55:11.245928,lighting_dimming,0.206,manual_override
CE_843039945C35,BLDG_D673B0E04EF3,2023-05-23 09:00:00,2023-05-23 09:33:25.463286,setpoint_adjustment,0.178,manual_override
CE_2ABDDA1FE8DD,BLDG_D673B0E04EF3,2023-09-20 10:00:00,2023-09-20 12:48:08.465207,load_shedding,0.071,tariff_response
CE_8DE4F9CCA13B,BLDG_D673B0E04EF3,2023-07-24 19:00:00,2023-07-24 21:56:27.451329,setpoint_adjustment,0.099,manual_override
CE_37DC30122800,BLDG_D673B0E04EF3,2023-09-07 19:00:00,2023-09-07 20:38:16.227187,load_shedding,0.064,weather_condition
CE_8837B8BCE95F,BLDG_D673B0E04EF3,2023-03-19 11:00:00,2023-03-19 13:31:22.965342,lighting_dimming,0.356,manual_override
CE_9A29823B6FEE,BLDG_D673B0E04EF3,2023-03-27 19:00:00,2023-03-27 19:31:45.106432,hvac_reset,0.228,system_fault
CE_CDF2DE0FD8CC,BLDG_D673B0E04EF3,2023-04-19 09:00:00,2023-04-19 10:45:21.321413,load_shedding,0.235,tariff_response
CE_65B4C35C73FC,BLDG_D673B0E04EF3,2023-08-02 19:00:00,2023-08-02 22:06:14.851200,load_shedding,0.103,weather_condition
CE_2F25694A2752,BLDG_D673B0E04EF3,2023-03-23 18:00:00,2023-03-23 21:40:18.391086,load_shedding,0.26,tariff_response
CE_948D39CB5C8E,BLDG_D673B0E04EF3,2023-05-04 19:00:00,2023-05-04 21:43:24.542464,hvac_reset,0.377,weather_condition
CE_7973A4E856FB,BLDG_D673B0E04EF3,2023-11-19 10:00:00,2023-11-19 10:44:13.062962,load_shedding,0.106,manual_override
CE_2533DDA0ED7D,BLDG_D673B0E04EF3,2023-04-20 20:00:00,2023-04-20 22:40:03.024809,load_shedding,0.11,tariff_response
CE_AB201EF5510C,BLDG_D673B0E04EF3,2023-09-11 09:00:00,2023-09-11 12:28:44.141906,hvac_reset,0.207,tariff_response
CE_7329B3C3B221,BLDG_D673B0E04EF3,2023-03-08 20:00:00,2023-03-08 22:10:44.546068,lighting_dimming,0.31,system_fault
CE_51C238514841,BLDG_D673B0E04EF3,2023-03-02 09:00:00,2023-03-02 11:10:27.748934,lighting_dimming,0.264,system_fault
CE_1F503D16CA24,BLDG_D673B0E04EF3,2023-08-25 18:00:00,2023-08-25 20:48:11.772644,hvac_reset,0.088,weather_condition
CE_CF886211809D,BLDG_944E3E47B816,2023-05-19 21:00:00,2023-05-19 22:23:03.712586,hvac_reset,0.164,manual_override
CE_BB675F0ED3AF,BLDG_944E3E47B816,2023-01-04 19:00:00,2023-01-04 19:52:10.268790,setpoint_adjustment,0.218,tariff_response
CE_DC7E6A5F2DD7,BLDG_944E3E47B816,2023-12-31 10:00:00,2023-12-31 13:11:14.533004,lighting_dimming,0.117,manual_override
CE_5BD8C58F474A,BLDG_944E3E47B816,2023-02-03 18:00:00,2023-02-03 18:40:47.715046,setpoint_adjustment,0.14,weather_condition
CE_E52112145E9A,BLDG_944E3E47B816,2023-12-27 11:00:00,2023-12-27 12:26:38.898943,lighting_dimming,0.286,tariff_response
CE_C5CBF8CF50D7,BLDG_944E3E47B816,2023-02-16 19:00:00,2023-02-16 20:01:59.801293,load_shedding,0.062,tariff_response
CE_E19C37056181,BLDG_944E3E47B816,2023-02-05 10:00:00,2023-02-05 12:14:19.685042,load_shedding,0.229,system_fault
CE_EB9A58053E6D,BLDG_944E3E47B816,2023-09-02 20:00:00,2023-09-02 20:51:41.047288,lighting_dimming,0.384,manual_override
CE_60B5B92D3404,BLDG_944E3E47B816,2023-10-01 20:00:00,2023-10-01 22:50:29.720373,lighting_dimming,0.104,tariff_response
CE_2F06A2561855,BLDG_944E3E47B816,2023-06-11 20:00:00,2023-06-11 21:10:51.139856,load_shedding,0.14,manual_override
CE_C6B7EE82FD03,BLDG_944E3E47B816,2023-07-03 21:00:00,2023-07-03 21:35:53.335450,load_shedding,0.317,tariff_response
CE_45F5604E72A5,BLDG_944E3E47B816,2023-08-05 19:00:00,2023-08-05 19:41:24.133909,setpoint_adjustment,0.105,weather_condition
CE_1DF24E7900C8,BLDG_944E3E47B816,2023-06-11 18:00:00,2023-06-11 18:46:35.925254,hvac_reset,0.395,system_fault
CE_813B9FDA9657,BLDG_944E3E47B816,2023-01-28 20:00:00,2023-01-28 21:15:25.942710,setpoint_adjustment,0.334,system_fault
CE_AAC449848411,BLDG_944E3E47B816,2023-03-12 11:00:00,2023-03-12 13:58:32.887154,load_shedding,0.351,tariff_response
CE_96368105B541,BLDG_944E3E47B816,2023-06-04 09:00:00,2023-06-04 10:48:03.325479,hvac_reset,0.213,tariff_response
CE_14FF65A9D9B4,BLDG_944E3E47B816,2023-04-25 10:00:00,2023-04-25 13:48:57.244248,setpoint_adjustment,0.342,system_fault
CE_DB4F4C3C8500,BLDG_944E3E47B816,2023-01-21 18:00:00,2023-01-21 18:45:58.451786,load_shedding,0.343,system_fault
CE_CD7A8CE0A45C,BLDG_944E3E47B816,2023-06-22 09:00:00,2023-06-22 09:54:41.596533,lighting_dimming,0.347,weather_condition
CE_EC1895CE23D4,BLDG_944E3E47B816,2023-07-03 19:00:00,2023-07-03 19:51:56.494859,setpoint_adjustment,0.217,tariff_response
CE_26DCB85CFFF1,BLDG_944E3E47B816,2023-02-03 11:00:00,2023-02-03 13:07:57.588272,load_shedding,0.13,tariff_response
CE_50FF165A67FF,BLDG_944E3E47B816,2023-10-23 21:00:00,2023-10-23 21:57:16.666453,lighting_dimming,0.187,manual_override
CE_214A2910FB6D,BLDG_944E3E47B816,2023-12-27 10:00:00,2023-12-27 12:30:37.518415,setpoint_adjustment,0.292,weather_condition
CE_99EF2BF4DC17,BLDG_944E3E47B816,2023-08-25 19:00:00,2023-08-25 22:38:29.573525,load_shedding,0.083,manual_override
CE_A5227754EB25,BLDG_944E3E47B816,2023-08-02 20:00:00,2023-08-02 23:12:15.149105,hvac_reset,0.37,tariff_response
CE_74F87D81604F,BLDG_944E3E47B816,2023-06-05 09:00:00,2023-06-05 12:53:45.240755,lighting_dimming,0.093,system_fault
CE_38B019A58E38,BLDG_3EB04419BAFC,2023-07-19 21:00:00,2023-07-19 22:32:36.817042,load_shedding,0.214,weather_condition
CE_0E3710477705,BLDG_3EB04419BAFC,2023-01-29 21:00:00,2023-01-29 22:59:23.153403,lighting_dimming,0.362,weather_condition
CE_F07D26C75275,BLDG_3EB04419BAFC,2023-01-28 10:00:00,2023-01-28 11:22:22.765650,hvac_reset,0.306,manual_override
CE_923FC9D3F2D2,BLDG_3EB04419BAFC,2023-03-22 21:00:00,2023-03-22 21:46:19.743629,load_shedding,0.312,system_fault
CE_796E17BB6416,BLDG_3EB04419BAFC,2023-07-26 21:00:00,2023-07-26 23:16:09.724495,load_shedding,0.261,tariff_response
CE_B4678277E034,BLDG_3EB04419BAFC,2023-04-08 11:00:00,2023-04-08 14:18:06.536380,hvac_reset,0.359,tariff_response
CE_68711EA957BA,BLDG_3EB04419BAFC,2023-11-29 19:00:00,2023-11-29 19:34:39.526482,hvac_reset,0.315,manual_override
CE_AC6CD58D527A,BLDG_3EB04419BAFC,2023-07-01 11:00:00,2023-07-01 13:12:16.715324,setpoint_adjustment,0.337,manual_override
CE_597634ACF92C,BLDG_3EB04419BAFC,2023-12-28 20:00:00,2023-12-28 21:13:18.227130,load_shedding,0.087,weather_condition
CE_EAE9D83D2AED,BLDG_3EB04419BAFC,2023-11-29 09:00:00,2023-11-29 12:48:10.507984,hvac_reset,0.172,system_fault
CE_CFBACA457C79,BLDG_3EB04419BAFC,2023-12-11 11:00:00,2023-12-11 12:42:04.409657,lighting_dimming,0.228,system_fault
CE_61A741000916,BLDG_3EB04419BAFC,2023-07-14 19:00:00,2023-07-14 20:54:58.830015,setpoint_adjustment,0.193,system_fault
CE_0682563074B5,BLDG_3EB04419BAFC,2023-05-06 20:00:00,2023-05-06 22:56:49.738554,load_shedding,0.12,system_fault
CE_45ED29694048,BLDG_3EB04419BAFC,2023-02-10 10:00:00,2023-02-10 13:30:31.202917,lighting_dimming,0.084,weather_condition
CE_219E817B9C99,BLDG_40239C1D5245,2023-10-06 11:00:00,2023-10-06 14:38:12.529738,setpoint_adjustment,0.125,tariff_response
CE_48C3E293E6F8,BLDG_40239C1D5245,2023-09-10 18:00:00,2023-09-10 19:12:09.460602,hvac_reset,0.26,weather_condition
CE_5A7D5506E441,BLDG_40239C1D5245,2023-08-16 20:00:00,2023-08-16 21:21:53.372367,setpoint_adjustment,0.194,tariff_response
CE_AA780A30412C,BLDG_40239C1D5245,2023-05-08 10:00:00,2023-05-08 13:12:39.030874,hvac_reset,0.077,tariff_response
CE_EBA530599DF6,BLDG_40239C1D5245,2023-04-13 18:00:00,2023-04-13 19:15:22.136787,lighting_dimming,0.177,tariff_response
CE_111532CE3148,BLDG_40239C1D5245,2023-12-01 09:00:00,2023-12-01 10:31:42.599529,lighting_dimming,0.137,system_fault
CE_4749D0A7D342,BLDG_40239C1D5245,2023-06-25 21:00:00,2023-06-25 21:38:18.402896,hvac_reset,0.225,system_fault
CE_0B7F3CFE8AE2,BLDG_40239C1D5245,2023-10-18 11:00:00,2023-10-18 13:23:22.611266,lighting_dimming,0.122,system_fault
CE_38C865CC9D6F,BLDG_40239C1D5245,2023-02-14 10:00:00,2023-02-14 13:57:08.036743,hvac_reset,0.081,weather_condition
CE_0C3A98BD7886,BLDG_40239C1D5245,2023-02-14 20:00:00,2023-02-14 21:46:37.908236,load_shedding,0.261,weather_condition
CE_26BBE469C15C,BLDG_40239C1D5245,2023-03-17 10:00:00,2023-03-17 12:04:45.035746,load_shedding,0.253,system_fault
CE_CC2200B4F607,BLDG_40239C1D5245,2023-10-01 09:00:00,2023-10-01 11:50:04.068746,lighting_dimming,0.216,manual_override
CE_F2772923A227,BLDG_40239C1D5245,2023-09-03 19:00:00,2023-09-03 22:36:18.012442,load_shedding,0.38,weather_condition
CE_254E9D23E551,BLDG_40239C1D5245,2023-05-21 19:00:00,2023-05-21 22:26:11.508614,load_shedding,0.227,weather_condition
CE_B64B3D3B4DAE,BLDG_40239C1D5245,2023-06-29 20:00:00,2023-06-29 21:37:58.498655,hvac_reset,0.152,tariff_response
CE_042F16F1E5B5,BLDG_40239C1D5245,2023-11-08 20:00:00,2023-11-08 21:27:13.603839,lighting_dimming,0.28,system_fault
CE_030483A225B9,BLDG_40239C1D5245,2023-08-07 20:00:00,2023-08-07 22:44:50.587945,lighting_dimming,0.38,tariff_response
CE_45BA09953AA0,BLDG_40239C1D5245,2023-12-31 20:00:00,2023-12-31 21:26:45.590868,lighting_dimming,0.211,weather_condition
CE_EF68AD5A3126,BLDG_40239C1D5245,2023-04-09 10:00:00,2023-04-09 12:29:35.645404,setpoint_adjustment,0.068,system_fault
CE_794F89010503,BLDG_40239C1D5245,2023-03-08 10:00:00,2023-03-08 12:23:10.285298,hvac_reset,0.148,system_fault
CE_5488538B132C,BLDG_40239C1D5245,2023-08-02 18:00:00,2023-08-02 21:12:16.383463,setpoint_adjustment,0.254,system_fault
CE_618959F7519F,BLDG_40239C1D5245,2023-01-29 21:00:00,2023-01-29 22:12:02.917423,load_shedding,0.385,tariff_response
CE_3617FEFE2660,BLDG_40239C1D5245,2023-11-28 18:00:00,2023-11-28 20:21:07.587894,setpoint_adjustment,0.246,manual_override
CE_4A24009135F5,BLDG_2DCDC361AD13,2023-03-17 10:00:00,2023-03-17 11:45:49.298467,lighting_dimming,0.146,tariff_response
CE_7B297569DB47,BLDG_2DCDC361AD13,2023-01-16 09:00:00,2023-01-16 12:04:14.984549,hvac_reset,0.207,manual_override
CE_A95A7E84DFAD,BLDG_2DCDC361AD13,2023-07-17 20:00:00,2023-07-17 22:00:05.912050,load_shedding,0.386,system_fault
CE_EAFA45788E76,BLDG_2DCDC361AD13,2023-01-09 11:00:00,2023-01-09 13:53:16.186197,setpoint_adjustment,0.055,tariff_response
CE_7561B7A1F75E,BLDG_2DCDC361AD13,2023-11-06 11:00:00,2023-11-06 12:18:01.225095,lighting_dimming,0.265,weather_condition
CE_37CC80053487,BLDG_2DCDC361AD13,2023-09-27 10:00:00,2023-09-27 12:51:19.285863,load_shedding,0.063,weather_condition
CE_A1C9F43255C0,BLDG_2DCDC361AD13,2023-11-18 11:00:00,2023-11-18 13:58:34.429299,lighting_dimming,0.207,system_fault
CE_1562318019DA,BLDG_2DCDC361AD13,2023-12-11 19:00:00,2023-12-11 20:06:59.363323,load_shedding,0.258,manual_override
CE_3C8430E78297,BLDG_2DCDC361AD13,2023-01-27 11:00:00,2023-01-27 13:07:29.289686,hvac_reset,0.29,system_fault
CE_F50E7537A344,BLDG_2DCDC361AD13,2023-06-06 11:00:00,2023-06-06 13:33:54.492318,setpoint_adjustment,0.35,system_fault
CE_76461A55D913,BLDG_2DCDC361AD13,2023-09-09 19:00:00,2023-09-09 20:22:52.107715,setpoint_adjustment,0.396,manual_override
CE_89664C3C2CFE,BLDG_2DCDC361AD13,2023-09-14 21:00:00,2023-09-14 23:33:23.615426,load_shedding,0.277,tariff_response
CE_EB6333A66655,BLDG_2DCDC361AD13,2023-11-09 18:00:00,2023-11-09 20:41:23.427803,hvac_reset,0.359,tariff_response
CE_387DFC82CDBE,BLDG_2DCDC361AD13,2023-11-15 20:00:00,2023-11-15 20:50:49.461980,hvac_reset,0.255,weather_condition
CE_29B694E02F87,BLDG_2DCDC361AD13,2023-02-17 21:00:00,2023-02-18 00:38:12.593640,hvac_reset,0.058,weather_condition
CE_2E39A32C009C,BLDG_2DCDC361AD13,2023-02-10 19:00:00,2023-02-10 20:45:27.092570,setpoint_adjustment,0.336,weather_condition
CE_137A3C82F933,BLDG_2DCDC361AD13,2023-07-28 19:00:00,2023-07-28 20:14:10.142728,setpoint_adjustment,0.398,manual_override
CE_2E7899AF89DB,BLDG_2DCDC361AD13,2023-11-11 09:00:00,2023-11-11 10:55:11.439985,lighting_dimming,0.266,weather_condition
CE_47D4CB84CB54,BLDG_2DCDC361AD13,2023-11-17 09:00:00,2023-11-17 10:41:47.284982,hvac_reset,0.396,tariff_response
CE_62A32796206E,BLDG_2DCDC361AD13,2023-07-17 18:00:00,2023-07-17 21:15:41.079888,lighting_dimming,0.055,manual_override
CE_42D66F2FC68B,BLDG_2DCDC361AD13,2023-01-02 09:00:00,2023-01-02 10:34:45.499539,hvac_reset,0.213,system_fault
CE_23F78ABCE3A5,BLDG_2DCDC361AD13,2023-08-24 11:00:00,2023-08-24 12:10:28.491707,setpoint_adjustment,0.185,manual_override
CE_9D56B5091DE1,BLDG_2DCDC361AD13,2023-02-26 18:00:00,2023-02-26 21:06:22.256535,load_shedding,0.267,system_fault
CE_DCB575A9DC28,BLDG_2DCDC361AD13,2023-06-27 10:00:00,2023-06-27 13:17:17.960021,load_shedding,0.262,tariff_response
CE_8A15B04ED54C,BLDG_2DCDC361AD13,2023-04-23 11:00:00,2023-04-23 13:10:15.310052,hvac_reset,0.309,weather_condition
CE_4107AD55ADA3,BLDG_2DCDC361AD13,2023-06-27 19:00:00,2023-06-27 21:54:32.009309,lighting_dimming,0.215,manual_override
CE_507F5D2CCFE7,BLDG_2DCDC361AD13,2023-02-15 20:00:00,2023-02-15 20:53:32.013200,load_shedding,0.197,tariff_response
CE_77D3FE886133,BLDG_66551E670BAD,2023-08-17 11:00:00,2023-08-17 13:07:39.204097,load_shedding,0.237,tariff_response
CE_627C2ED29592,BLDG_66551E670BAD,2023-08-31 10:00:00,2023-08-31 12:06:48.765796,setpoint_adjustment,0.164,manual_override
CE_5C42080ABC3C,BLDG_66551E670BAD,2023-01-14 21:00:00,2023-01-14 21:55:20.920193,hvac_reset,0.362,tariff_response
CE_E315ACC8B9F8,BLDG_66551E670BAD,2023-09-28 10:00:00,2023-09-28 10:45:57.065534,lighting_dimming,0.182,tariff_response
CE_7836CC085E77,BLDG_66551E670BAD,2023-04-18 10:00:00,2023-04-18 11:17:32.878363,lighting_dimming,0.145,weather_condition
CE_24CEF8853258,BLDG_66551E670BAD,2023-07-19 18:00:00,2023-07-19 19:02:28.301098,load_shedding,0.258,system_fault
CE_712C488B895E,BLDG_66551E670BAD,2023-04-03 19:00:00,2023-04-03 22:32:43.987363,lighting_dimming,0.32,manual_override
CE_CF40DB59938A,BLDG_66551E670BAD,2023-02-11 19:00:00,2023-02-11 21:26:47.533785,load_shedding,0.302,system_fault
CE_BCB55D6B1D88,BLDG_66551E670BAD,2023-09-28 19:00:00,2023-09-28 22:50:15.256141,lighting_dimming,0.257,weather_condition
CE_E1A7C1B00E25,BLDG_66551E670BAD,2023-08-25 21:00:00,2023-08-25 21:39:03.313712,setpoint_adjustment,0.179,system_fault
CE_B10AD9E81BEA,BLDG_66551E670BAD,2023-06-13 10:00:00,2023-06-13 12:37:36.005943,lighting_dimming,0.233,system_fault
CE_53539D6C47F7,BLDG_66551E670BAD,2023-03-31 11:00:00,2023-03-31 12:02:01.955599,hvac_reset,0.291,system_fault
CE_9636F6C065ED,BLDG_66551E670BAD,2023-05-07 21:00:00,2023-05-07 22:14:43.688107,hvac_reset,0.086,weather_condition
CE_52D2A6325635,BLDG_66551E670BAD,2023-08-18 09:00:00,2023-08-18 12:58:49.335809,lighting_dimming,0.39,manual_override
CE_E9B68581B252,BLDG_66551E670BAD,2023-01-23 19:00:00,2023-01-23 21:46:52.053200,hvac_reset,0.396,weather_condition
CE_4843916018B9,BLDG_66551E670BAD,2023-01-06 21:00:00,2023-01-07 00:10:45.947377,lighting_dimming,0.198,tariff_response
CE_B60094BBD5FA,BLDG_66551E670BAD,2023-10-02 18:00:00,2023-10-02 20:08:34.588501,setpoint_adjustment,0.17,manual_override
CE_D00DA5DFA480,BLDG_1E28F06AAB80,2023-12-20 21:00:00,2023-12-20 21:48:51.572461,setpoint_adjustment,0.26,system_fault
CE_C13668854383,BLDG_1E28F06AAB80,2023-09-18 11:00:00,2023-09-18 14:08:41.974058,hvac_reset,0.344,weather_condition
CE_5A73C3E7397C,BLDG_1E28F06AAB80,2023-08-08 09:00:00,2023-08-08 11:01:37.602868,lighting_dimming,0.086,manual_override
CE_02F3F8D127BB,BLDG_1E28F06AAB80,2023-11-27 10:00:00,2023-11-27 11:30:19.023876,lighting_dimming,0.085,system_fault
CE_C841BEF257F7,BLDG_1E28F06AAB80,2023-03-07 18:00:00,2023-03-07 18:39:29.462076,hvac_reset,0.179,manual_override
CE_771E4640BE62,BLDG_1E28F06AAB80,2023-08-19 09:00:00,2023-08-19 10:44:47.082516,setpoint_adjustment,0.315,weather_condition
CE_2E12F54A90DB,BLDG_1E28F06AAB80,2023-01-18 10:00:00,2023-01-18 12:08:50.102377,load_shedding,0.207,system_fault
CE_73688CA86FD4,BLDG_1E28F06AAB80,2023-03-06 09:00:00,2023-03-06 10:02:55.834183,setpoint_adjustment,0.292,system_fault
CE_1E9B7434C829,BLDG_1E28F06AAB80,2023-05-09 18:00:00,2023-05-09 18:41:08.097423,load_shedding,0.319,weather_condition
CE_2B2B59672CCA,BLDG_1E28F06AAB80,2023-10-20 21:00:00,2023-10-20 23:32:16.176162,load_shedding,0.325,manual_override
CE_DE40E4B32070,BLDG_1E28F06AAB80,2023-06-01 20:00:00,2023-06-01 22:19:40.275440,hvac_reset,0.167,system_fault
CE_1ADADEB3C7FD,BLDG_1E28F06AAB80,2023-01-16 20:00:00,2023-01-16 21:21:35.166687,load_shedding,0.104,system_fault
CE_9214DE384AE2,BLDG_1E28F06AAB80,2023-02-06 21:00:00,2023-02-06 23:35:36.047700,setpoint_adjustment,0.305,weather_condition
CE_97E2CAF4F888,BLDG_1E28F06AAB80,2023-05-09 09:00:00,2023-05-09 12:00:32.479274,load_shedding,0.159,weather_condition
CE_287ACFCC6AF9,BLDG_1E28F06AAB80,2023-05-08 18:00:00,2023-05-08 19:18:23.299321,hvac_reset,0.174,manual_override
CE_5FBB16D21FC4,BLDG_1E28F06AAB80,2023-12-10 10:00:00,2023-12-10 12:22:34.143777,hvac_reset,0.077,weather_condition
CE_595D5F4BB60A,BLDG_1E28F06AAB80,2023-07-15 20:00:00,2023-07-15 21:29:27.069399,lighting_dimming,0.123,weather_condition
CE_CFDA0DC5DA73,BLDG_1E28F06AAB80,2023-07-24 19:00:00,2023-07-24 20:46:51.888669,hvac_reset,0.079,weather_condition
CE_69084648EFFA,BLDG_1E28F06AAB80,2023-05-29 21:00:00,2023-05-29 23:42:52.810609,load_shedding,0.119,tariff_response
CE_952464B89B2E,BLDG_1E28F06AAB80,2023-10-31 21:00:00,2023-11-01 00:23:23.570406,setpoint_adjustment,0.37,tariff_response
CE_2E2B038C26EB,BLDG_1E28F06AAB80,2023-07-28 09:00:00,2023-07-28 10:44:28.655068,setpoint_adjustment,0.085,manual_override
CE_48C26028287B,BLDG_1E28F06AAB80,2023-11-15 19:00:00,2023-11-15 22:59:26.776753,lighting_dimming,0.264,system_fault
CE_2D48A76C34EF,BLDG_1E28F06AAB80,2023-10-15 10:00:00,2023-10-15 12:34:09.343304,setpoint_adjustment,0.359,tariff_response
CE_A4905BF0ACB8,BLDG_1E28F06AAB80,2023-08-20 11:00:00,2023-08-20 14:44:52.242638,hvac_reset,0.359,manual_override
CE_16115E144BDE,BLDG_C48962C98964,2023-08-17 21:00:00,2023-08-17 23:50:48.026685,hvac_reset,0.376,tariff_response
CE_482A3E767390,BLDG_C48962C98964,2023-06-21 20:00:00,2023-06-21 23:53:26.588305,lighting_dimming,0.332,tariff_response
CE_6648B524BAD2,BLDG_C48962C98964,2023-01-11 19:00:00,2023-01-11 22:17:21.843890,setpoint_adjustment,0.36,tariff_response
CE_31C0A114682E,BLDG_C48962C98964,2023-08-18 11:00:00,2023-08-18 13:20:02.372042,load_shedding,0.104,weather_condition
CE_94081A6BB3EF,BLDG_C48962C98964,2023-09-22 11:00:00,2023-09-22 12:30:09.001169,hvac_reset,0.077,manual_override
CE_B30D889DB7E2,BLDG_C48962C98964,2023-05-31 09:00:00,2023-05-31 09:47:43.784936,hvac_reset,0.199,tariff_response
CE_6C5DB1BA1113,BLDG_C48962C98964,2023-12-29 20:00:00,2023-12-29 23:53:48.872693,lighting_dimming,0.318,system_fault
CE_0DE5750DFC70,BLDG_78650260FAE1,2023-07-28 19:00:00,2023-07-28 22:08:04.465251,hvac_reset,0.21,weather_condition
CE_7E45E642B4E2,BLDG_78650260FAE1,2023-04-08 20:00:00,2023-04-08 22:16:23.881277,setpoint_adjustment,0.051,manual_override
CE_086C5CB7DF80,BLDG_78650260FAE1,2023-09-28 10:00:00,2023-09-28 13:19:21.768057,setpoint_adjustment,0.183,manual_override
CE_02670DCD9164,BLDG_78650260FAE1,2023-07-12 19:00:00,2023-07-12 22:15:53.204660,load_shedding,0.28,system_fault
CE_A391C064934C,BLDG_78650260FAE1,2023-12-30 10:00:00,2023-12-30 10:56:30.657599,hvac_reset,0.078,system_fault
CE_B106B6C26A47,BLDG_78650260FAE1,2023-05-11 18:00:00,2023-05-11 21:45:58.553978,setpoint_adjustment,0.335,tariff_response
CE_4A5699449C24,BLDG_78650260FAE1,2023-01-20 19:00:00,2023-01-20 20:12:33.766510,hvac_reset,0.117,system_fault
CE_7A8B8F1589EC,BLDG_78650260FAE1,2023-09-13 18:00:00,2023-09-13 18:33:26.742147,lighting_dimming,0.261,weather_condition
CE_8EDB2F0F88DF,BLDG_78650260FAE1,2023-01-28 09:00:00,2023-01-28 10:38:08.889962,hvac_reset,0.176,weather_condition
CE_C64435F3D4C5,BLDG_78650260FAE1,2023-09-10 09:00:00,2023-09-10 11:52:48.661500,lighting_dimming,0.398,weather_condition
CE_76D765BED8C4,BLDG_78650260FAE1,2023-07-15 20:00:00,2023-07-15 21:21:03.345340,lighting_dimming,0.338,weather_condition
CE_D0A0DA98C0B5,BLDG_78650260FAE1,2023-01-19 10:00:00,2023-01-19 13:02:24.546496,load_shedding,0.123,system_fault
CE_129547A959BF,BLDG_78650260FAE1,2023-08-29 09:00:00,2023-08-29 10:53:21.176740,load_shedding,0.186,weather_condition
CE_DA03AB0EBE2B,BLDG_78650260FAE1,2023-10-01 21:00:00,2023-10-01 23:49:44.446206,load_shedding,0.221,system_fault
CE_190FA214F370,BLDG_78650260FAE1,2023-06-19 11:00:00,2023-06-19 13:32:14.366594,hvac_reset,0.202,tariff_response
CE_F8535ACB5D12,BLDG_891911977426,2023-03-27 09:00:00,2023-03-27 12:00:48.857711,hvac_reset,0.061,manual_override
CE_4D4485A6B880,BLDG_891911977426,2023-07-24 20:00:00,2023-07-24 22:35:16.772782,setpoint_adjustment,0.243,tariff_response
CE_9408D2DAF0D3,BLDG_891911977426,2023-09-20 21:00:00,2023-09-20 22:41:56.468575,hvac_reset,0.266,system_fault
CE_88F855E572A8,BLDG_891911977426,2023-11-07 19:00:00,2023-11-07 19:56:41.002590,lighting_dimming,0.277,tariff_response
CE_D7F891E29821,BLDG_891911977426,2023-10-06 10:00:00,2023-10-06 12:38:39.729990,load_shedding,0.217,manual_override
CE_6D3CB52A09E8,BLDG_891911977426,2023-04-20 11:00:00,2023-04-20 12:29:04.988827,setpoint_adjustment,0.106,manual_override
CE_9DF0E30EA4BC,BLDG_891911977426,2023-06-22 19:00:00,2023-06-22 21:29:38.060076,lighting_dimming,0.196,system_fault
