maintenance_event_id,equipment_id,timestamp,maintenance_type,downtime_hours,restoration
ME_3040BEB6E73A,EQUIP_003F451F99F4,2023-02-23 09:00:00,preventive,0.5,0.955
ME_63CDD9AEBEC1,EQUIP_003F451F99F4,2023-04-23 07:00:00,emergency,2.08,0.574
ME_9DE9E5AD82DD,EQUIP_003F451F99F4,2023-05-06 07:00:00,preventive,0.83,0.947
ME_C4F3FA77898D,EQUIP_003F451F99F4,2023-06-15 01:00:00,corrective,4.56,0.897
ME_1A4B5CAD2F79,EQUIP_003F451F99F4,2023-08-10 18:00:00,preventive,1.09,0.879
ME_028329AA01DB,EQUIP_003F451F99F4,2023-11-11 10:00:00,preventive,0.67,0.9
ME_91556D85E34C,EQUIP_0326C3E671FF,2023-04-06 14:00:00,preventive,0.87,0.957
ME_6CDBA8B50ED6,EQUIP_0326C3E671FF,2023-07-23 21:00:00,corrective,5.2,0.801
ME_6670285E05EA,EQUIP_0326C3E671FF,2023-10-02 14:00:00,preventive,0.84,0.97
ME_16149F76B416,EQUIP_03F02D6D0132,2023-02-05 18:00:00,preventive,1.16,0.925
ME_6C8A959B7731,EQUIP_03F02D6D0132,2023-04-03 16:00:00,preventive,2.43,0.99
ME_5D41B73A8372,EQUIP_03F02D6D0132,2023-06-05 07:00:00,preventive,1.24,0.943
ME_3273C4679E01,EQUIP_03F02D6D0132,2023-07-28 08:00:00,preventive,0.58,0.958
ME_A29D218E660B,EQUIP_03F02D6D0132,2023-10-01 14:00:00,preventive,1.17,0.994
ME_D723C1E06660,EQUIP_03F02D6D0132,2023-11-30 11:00:00,preventive,0.71,0.928
ME_E7B98AA598D2,EQUIP_0461FAB61D77,2023-02-23 11:00:00,preventive,1.44,0.991
ME_1367D2E52C41,EQUIP_0461FAB61D77,2023-03-18 13:00:00,corrective,21.06,0.701
ME_55761AFA641B,EQUIP_0461FAB61D77,2023-06-23 14:00:00,preventive,1.67,0.945
ME_8945AD8487C1,EQUIP_0461FAB61D77,2023-07-14 04:00:00,corrective,9.5,0.858
ME_74E8316850FA,EQUIP_0461FAB61D77,2023-10-15 15:00:00,corrective,9.88,0.893
ME_3D0325684137,EQUIP_0461FAB61D77,2023-10-20 18:00:00,preventive,0.9,0.955
ME_687F20D4CCBE,EQUIP_04A6F7EED01E,2023-03-20 16:00:00,preventive,1.01,0.986
ME_C3509A6AE0F7,EQUIP_04A6F7EED01E,2023-04-27 01:00:00,emergency,4.21,0.595
ME_7B823AB4AEB0,EQUIP_04A6F7EED01E,2023-09-19 16:00:00,preventive,1.27,0.877
ME_9604F8740161,EQUIP_04A6F7EED01E,2023-11-11 08:00:00,emergency,11.96,0.615
ME_966774E1F488,EQUIP_04D59E3E6AD5,2023-01-01 22:00:00,emergency,8.19,0.596
ME_6A5B3EC4DBD5,EQUIP_04D59E3E6AD5,2023-02-09 07:00:00,preventive,0.99,0.935
ME_F6EE48334140,EQUIP_04D59E3E6AD5,2023-04-09 13:00:00,preventive,0.85,0.981
ME_5C2E1D07842C,EQUIP_04D59E3E6AD5,2023-06-25 09:00:00,preventive,0.97,0.941
ME_6BE0A3C69843,EQUIP_04D59E3E6AD5,2023-09-19 13:00:00,preventive,0.68,0.945
ME_7681DE836F69,EQUIP_04D59E3E6AD5,2023-11-25 15:00:00,preventive,1.22,0.994
ME_F98C5FDB28DE,EQUIP_063FF62F90F1,2023-02-18 09:00:00,preventive,2.04,0.949
ME_5D9A80031A67,EQUIP_063FF62F90F1,2023-04-21 11:00:00,corrective,3.75,0.836
ME_0466A5714269,EQUIP_063FF62F90F1,2023-05-15 10:00:00,preventive,1.57,0.973
ME_1C31AB31BD76,EQUIP_063FF62F90F1,2023-08-08 16:00:00,preventive,0.84,0.98
ME_8D7010E895CD,EQUIP_063FF62F90F1,2023-11-10 17:00:00,preventive,0.79,0.921
ME_5A3C25ED567F,EQUIP_06DF5824314A,2023-02-07 16:00:00,emergency,7.12,0.633
ME_6683A2ED3B40,EQUIP_06DF5824314A,2023-02-09 08:00:00,preventive,0.76,0.954
ME_281B0A99E5A5,EQUIP_06DF5824314A,2023-05-11 08:00:00,preventive,1.01,0.885
ME_FA232B10DDE9,EQUIP_06DF5824314A,2023-08-14 10:00:00,preventive,0.85,0.939
ME_8BCA587C5B88,EQUIP_06DF5824314A,2023-11-07 14:00:00,preventive,1.62,0.98
ME_2F16A130FA94,EQUIP_0729844AD9E6,2023-02-24 11:00:00,preventive,1.03,0.966
ME_9B1BC39EA832,EQUIP_0729844AD9E6,2023-05-13 13:00:00,preventive,2.13,0.947
ME_5A0165E9F7B5,EQUIP_0729844AD9E6,2023-07-05 17:00:00,corrective,6.68,0.778
ME_4EE80D310078,EQUIP_0729844AD9E6,2023-07-19 09:00:00,corrective,8.14,0.802
ME_D48CAA93C5E2,EQUIP_0729844AD9E6,2023-08-10 08:00:00,preventive,0.87,0.985
ME_BE942A127610,EQUIP_0729844AD9E6,2023-10-07 10:00:00,corrective,13.63,0.772
ME_8A5CD36374B5,EQUIP_0729844AD9E6,2023-11-25 10:00:00,preventive,1.17,0.99
ME_476EE701D9F4,EQUIP_0729844AD9E6,2023-12-24 12:00:00,corrective,9.03,0.793
ME_58622AD2DA1E,EQUIP_080418CB3E5D,2023-02-03 00:00:00,corrective,1.24,0.799
ME_F49B18DE07F1,EQUIP_080418CB3E5D,2023-03-23 16:00:00,preventive,0.87,0.972
ME_5C7E0F4A1A7D,EQUIP_080418CB3E5D,2023-09-24 16:00:00,preventive,0.64,0.96
ME_36DC3E35E02D,EQUIP_080418CB3E5D,2023-09-27 09:00:00,corrective,4.04,0.882
ME_DA382B1BBA23,EQUIP_090A6CA1F294,2023-02-06 12:00:00,preventive,1.14,0.931
ME_7635301C5EA0,EQUIP_090A6CA1F294,2023-04-05 16:00:00,preventive,1.01,0.955
ME_76C54AEEE238,EQUIP_090A6CA1F294,2023-05-31 08:00:00,preventive,1.23,0.939
ME_0DD17201C4CC,EQUIP_090A6CA1F294,2023-07-26 14:00:00,preventive,0.97,0.978
ME_BEAB3B26F2C0,EQUIP_090A6CA1F294,2023-09-26 18:00:00,preventive,0.71,0.944
ME_2CFF3C7E0F05,EQUIP_090A6CA1F294,2023-11-29 09:00:00,preventive,0.89,0.919
ME_3AFA2670DB6D,EQUIP_0A467CF30D35,2023-04-01 16:00:00,preventive,0.97,0.977
ME_B06EFD6A007A,EQUIP_0A467CF30D35,2023-09-16 17:00:00,preventive,0.54,0.948
ME_EA3401D482DD,EQUIP_0A467CF30D35,2023-10-26 15:00:00,corrective,3.66,0.786
ME_48A537DEC754,EQUIP_0B73E05B1248,2023-02-22 12:00:00,preventive,1.65,0.946
ME_5F61C6FEFEE8,EQUIP_0B73E05B1248,2023-06-18 17:00:00,preventive,0.65,0.936
ME_EBAADE02324B,EQUIP_0B73E05B1248,2023-10-21 14:00:00,preventive,0.95,0.962
ME_8F8BA3A99FD9,EQUIP_0B74811CED09,2023-03-28 12:00:00,preventive,0.8,0.944
ME_263833BF5046,EQUIP_0B74811CED09,2023-05-02 13:00:00,corrective,5.97,0.829
ME_2D36C3B836F1,EQUIP_0B74811CED09,2023-10-16 08:00:00,preventive,1.06,0.956
ME_1086DD4243BE,EQUIP_0B74811CED09,2023-12-27 07:00:00,emergency,13.03,0.51
ME_0FB1B400601E,EQUIP_0BAC215E26D9,2023-01-31 09:00:00,preventive,1.4,0.985
ME_42B799C221E6,EQUIP_0BAC215E26D9,2023-03-17 15:00:00,corrective,2.66,0.867
ME_4F91D5CAF417,EQUIP_0BAC215E26D9,2023-04-23 13:00:00,preventive,1.39,0.93
ME_641BCD3AFBFF,EQUIP_0BAC215E26D9,2023-06-22 09:00:00,emergency,6.58,0.568
ME_8162D9B195AD,EQUIP_0BAC215E26D9,2023-07-06 12:00:00,preventive,2.3,0.953
ME_6E366EEC389A,EQUIP_0BAC215E26D9,2023-08-02 08:00:00,emergency,5.63,0.548
ME_857CD2EB787C,EQUIP_0BAC215E26D9,2023-09-04 15:00:00,preventive,1.06,0.944
ME_BC79F7E6F51E,EQUIP_0BAC215E26D9,2023-10-06 00:00:00,emergency,1.65,0.493
ME_DE4859EB5294,EQUIP_0BAC215E26D9,2023-11-16 08:00:00,preventive,0.8,0.912
ME_5837A5459D6E,EQUIP_0BC006D383FC,2023-02-06 11:00:00,preventive,1.47,0.961
ME_4CE0CA9ED9ED,EQUIP_0BC006D383FC,2023-02-16 14:00:00,corrective,5.69,0.772
ME_DE31EBFB3146,EQUIP_0BC006D383FC,2023-03-04 22:00:00,corrective,1.26,0.771
ME_D57848D21925,EQUIP_0BC006D383FC,2023-04-04 17:00:00,preventive,0.79,0.981
ME_8503067C0B93,EQUIP_0BC006D383FC,2023-05-28 09:00:00,preventive,1.23,0.987
ME_E04B32E0FFC8,EQUIP_0BC006D383FC,2023-08-06 16:00:00,preventive,1.09,0.93
ME_C298FE13D817,EQUIP_0BC006D383FC,2023-09-30 11:00:00,preventive,0.85,0.958
ME_1369FF277AF0,EQUIP_0BC006D383FC,2023-11-28 15:00:00,preventive,0.96,0.989
ME_AECDF09E00CD,EQUIP_0E6EAB58A3A0,2023-03-08 03:00:00,emergency,17.81,0.666
ME_158B2D872CDD,EQUIP_0E6EAB58A3A0,2023-03-14 17:00:00,preventive,0.96,0.928
ME_0E6C8A76613B,EQUIP_0E6EAB58A3A0,2023-05-30 16:00:00,corrective,2.4,0.852
ME_481995262B5F,EQUIP_0E6EAB58A3A0,2023-07-09 17:00:00,emergency,22.83,0.573
ME_DEFBA20438B5,EQUIP_0E6EAB58A3A0,2023-08-08 09:00:00,emergency,3.73,0.463
ME_EBF15EC79B2F,EQUIP_0E6EAB58A3A0,2023-09-09 15:00:00,preventive,0.54,0.983
ME_23A79EF1F41E,EQUIP_0E6EAB58A3A0,2023-09-16 18:00:00,emergency,4.02,0.528
ME_15914E4D12D7,EQUIP_0E6EAB58A3A0,2023-12-21 02:00:00,emergency,4.83,0.494
ME_0830D050717D,EQUIP_0EDEEF802200,2023-02-02 18:00:00,preventive,0.69,0.971
ME_4CAC0C79A08A,EQUIP_0EDEEF802200,2023-02-16 03:00:00,emergency,3.2,0.543
ME_FA2662235344,EQUIP_0EDEEF802200,2023-03-15 15:00:00,emergency,10.37,0.491
ME_6D161315C760,EQUIP_0EDEEF802200,2023-05-18 18:00:00,preventive,0.84,0.989
ME_6BA6CA43AA8E,EQUIP_0EDEEF802200,2023-05-29 20:00:00,emergency,21.53,0.571
ME_32BE94074690,EQUIP_0EDEEF802200,2023-07-09 17:00:00,corrective,3.24,0.85
ME_C53232AB384C,EQUIP_0EDEEF802200,2023-08-26 17:00:00,preventive,1.84,0.939
ME_2CBA98CEDCA8,EQUIP_0EDEEF802200,2023-10-12 17:00:00,emergency,10.46,0.696
ME_2F61E0FEA26B,EQUIP_0EDEEF802200,2023-11-29 17:00:00,preventive,0.72,0.908
ME_14A1A5037E6D,EQUIP_0F265FCEA642,2023-01-13 14:00:00,corrective,5.89,0.751
ME_CD76A21923B6,EQUIP_0F265FCEA642,2023-01-28 14:00:00,preventive,1.45,0.98
ME_FF003A58A49A,EQUIP_0F265FCEA642,2023-03-30 10:00:00,preventive,1.21,0.955
ME_449B867C6B42,EQUIP_0F265FCEA642,2023-05-27 14:00:00,preventive,1.06,0.94
ME_2D2B33A90F23,EQUIP_0F265FCEA642,2023-08-06 15:00:00,preventive,0.97,0.896
ME_221E134DA4F6,EQUIP_0F265FCEA642,2023-09-22 10:00:00,corrective,2.47,0.921
ME_73C06197E06C,EQUIP_0F265FCEA642,2023-09-24 07:00:00,preventive,0.98,0.986
ME_2CAE3B61049C,EQUIP_0F265FCEA642,2023-12-07 16:00:00,preventive,0.99,0.969
ME_8E7E6D1072CD,EQUIP_0F6299DACFC9,2023-01-29 08:00:00,preventive,0.96,0.967
ME_C3D3254D585D,EQUIP_0F6299DACFC9,2023-02-01 05:00:00,corrective,2.21,0.726
ME_0914C4BCE9C6,EQUIP_0F6299DACFC9,2023-04-03 14:00:00,preventive,0.7,0.898
ME_F7954955C052,EQUIP_0F6299DACFC9,2023-06-09 07:00:00,preventive,1.11,0.936
ME_B5C606256A83,EQUIP_0F6299DACFC9,2023-08-04 07:00:00,preventive,0.5,0.926
ME_0D4331625AC2,EQUIP_0F6299DACFC9,2023-10-06 14:00:00,preventive,1.0,0.962
ME_ACC9A7019069,EQUIP_0F6299DACFC9,2023-12-06 17:00:00,preventive,0.87,0.924
ME_F17738303B4D,EQUIP_10A799D8B35F,2023-01-17 01:00:00,corrective,6.08,0.901
ME_E1F8DF384800,EQUIP_10A799D8B35F,2023-02-01 15:00:00,preventive,1.99,0.945
ME_25DC5BEBB5BF,EQUIP_10A799D8B35F,2023-03-28 14:00:00,preventive,0.62,0.973
ME_9B593F92E30B,EQUIP_10A799D8B35F,2023-06-03 08:00:00,preventive,1.73,0.958
ME_BE565DD90261,EQUIP_10A799D8B35F,2023-06-26 07:00:00,emergency,2.86,0.675
ME_D926CF0D1B0F,EQUIP_10A799D8B35F,2023-07-28 02:00:00,emergency,3.13,0.567
ME_24A3C118032E,EQUIP_10A799D8B35F,2023-07-28 18:00:00,preventive,0.98,0.919
ME_3C4DC5064EA0,EQUIP_10A799D8B35F,2023-09-18 21:00:00,emergency,21.99,0.586
ME_D67A1EAF84F6,EQUIP_10A799D8B35F,2023-09-28 17:00:00,preventive,1.17,0.952
ME_489D9867BCDD,EQUIP_10A799D8B35F,2023-12-04 07:00:00,preventive,0.78,0.96
ME_0A12DB8A381F,EQUIP_11E2572B4A88,2023-02-17 10:00:00,emergency,2.16,0.569
ME_959B4453CBCA,EQUIP_11E2572B4A88,2023-03-19 13:00:00,preventive,1.41,0.872
ME_280BC0A570D9,EQUIP_11E2572B4A88,2023-05-11 08:00:00,corrective,3.25,0.753
ME_85EE819BE822,EQUIP_11E2572B4A88,2023-09-03 05:00:00,corrective,2.62,0.876
ME_07E3BCEB2AEF,EQUIP_11E2572B4A88,2023-10-19 14:00:00,preventive,0.61,0.946
ME_2D591B73809A,EQUIP_11F8328AE17B,2023-04-01 08:00:00,preventive,1.25,0.925
ME_1D37B80F56EA,EQUIP_11F8328AE17B,2023-10-17 12:00:00,preventive,1.7,0.908
ME_7DC615DC2FCA,EQUIP_129C243FE06C,2023-02-13 15:00:00,preventive,0.77,0.916
ME_CFEABA6B46A0,EQUIP_129C243FE06C,2023-04-14 15:00:00,preventive,1.03,0.99
ME_61A90AA33856,EQUIP_129C243FE06C,2023-07-02 22:00:00,emergency,13.81,0.554
ME_8F395554C9A4,EQUIP_129C243FE06C,2023-07-07 09:00:00,preventive,1.19,0.963
ME_E4E32515E1D6,EQUIP_129C243FE06C,2023-09-16 18:00:00,preventive,1.05,0.982
ME_FFD26C3E31DE,EQUIP_129C243FE06C,2023-12-04 12:00:00,preventive,0.94,0.943
ME_2AF49EB73B54,EQUIP_129C243FE06C,2023-12-17 13:00:00,emergency,7.71,0.515
ME_014BE9B0381B,EQUIP_13D76ED08A96,2023-02-06 15:00:00,preventive,1.48,0.974
ME_328795DA67BD,EQUIP_13D76ED08A96,2023-02-26 01:00:00,corrective,7.27,0.854
ME_124FF8DDABE9,EQUIP_13D76ED08A96,2023-05-16 05:00:00,corrective,2.08,0.827
ME_FE2D0BD39F8D,EQUIP_13D76ED08A96,2023-05-22 18:00:00,emergency,22.75,0.522
ME_AABF12AB1A48,EQUIP_13D76ED08A96,2023-05-31 08:00:00,preventive,0.87,0.956
ME_30CE3A7F2244,EQUIP_13D76ED08A96,2023-06-09 18:00:00,corrective,3.42,0.761
ME_76C42192DD73,EQUIP_13D76ED08A96,2023-08-27 11:00:00,preventive,0.72,0.981
ME_F4605CB38EA2,EQUIP_13D76ED08A96,2023-11-02 04:00:00,emergency,18.51,0.469
ME_6DA7AD9769D7,EQUIP_13D76ED08A96,2023-11-02 07:00:00,preventive,1.22,0.951
ME_6B581F9D9B87,EQUIP_14994040360A,2023-03-30 12:00:00,preventive,0.61,0.943
ME_07980DA7A134,EQUIP_14994040360A,2023-04-04 16:00:00,emergency,7.67,0.422
ME_729B30C975E9,EQUIP_14994040360A,2023-05-15 07:00:00,corrective,7.67,0.832
ME_B070B03A816E,EQUIP_14994040360A,2023-09-16 15:00:00,preventive,1.38,0.941
ME_C92CE9C83AB7,EQUIP_14994040360A,2023-10-18 20:00:00,emergency,38.66,0.442
ME_39CB8F4D3881,EQUIP_1626051D1ECF,2023-01-13 23:00:00,emergency,11.39,0.548
ME_B6AF4FF9692A,EQUIP_1626051D1ECF,2023-02-09 12:00:00,emergency,5.88,0.481
ME_6C63E7D4A4E9,EQUIP_1626051D1ECF,2023-02-12 15:00:00,preventive,1.51,0.98
ME_069D2E9BA7C4,EQUIP_1626051D1ECF,2023-02-22 22:00:00,emergency,5.55,0.51
ME_599D089FDEED,EQUIP_1626051D1ECF,2023-02-27 02:00:00,emergency,10.78,0.589
ME_6E284DF65866,EQUIP_1626051D1ECF,2023-03-21 04:00:00,corrective,2.24,0.772
ME_415110B972C7,EQUIP_1626051D1ECF,2023-04-09 08:00:00,preventive,0.8,0.953
ME_BAD2E6703F2F,EQUIP_1626051D1ECF,2023-05-22 19:00:00,emergency,1.94,0.561
ME_05C716D396CE,EQUIP_1626051D1ECF,2023-07-01 16:00:00,preventive,1.67,0.982
ME_ADDDB10C0A31,EQUIP_1626051D1ECF,2023-09-09 11:00:00,emergency,3.51,0.505
ME_6390AFBABE83,EQUIP_1626051D1ECF,2023-09-15 09:00:00,preventive,0.96,0.956
ME_341EF03E8342,EQUIP_1626051D1ECF,2023-11-16 08:00:00,preventive,0.79,0.954
ME_3FE0212A5AF1,EQUIP_16995835080C,2023-02-21 15:00:00,preventive,1.0,0.898
ME_FC1A6EB9A325,EQUIP_16995835080C,2023-03-31 03:00:00,corrective,4.98,0.909
ME_7C3E5E1E210C,EQUIP_16995835080C,2023-06-22 16:00:00,preventive,0.86,0.968
ME_DFDBCACDD571,EQUIP_16995835080C,2023-08-15 14:00:00,corrective,1.95,0.877
ME_DF6BD433C20C,EQUIP_16995835080C,2023-09-30 08:00:00,emergency,9.71,0.623
ME_B5953C0DB616,EQUIP_16995835080C,2023-11-06 13:00:00,preventive,1.07,0.967
ME_C66CCD09E9BF,EQUIP_16995835080C,2023-11-30 10:00:00,corrective,8.05,0.798
ME_6E26A157BA5C,EQUIP_1B69D7610F83,2023-02-16 05:00:00,emergency,26.44,0.499
ME_52D2AE146BFA,EQUIP_1B69D7610F83,2023-02-16 16:00:00,corrective,2.62,0.825
ME_5EEDD0AC6E73,EQUIP_1B69D7610F83,2023-04-14 11:00:00,emergency,7.31,0.481
ME_5DAA70A700E8,EQUIP_1B69D7610F83,2023-04-20 17:00:00,preventive,1.39,0.979
ME_F559009BE773,EQUIP_1B69D7610F83,2023-10-18 09:00:00,preventive,0.7,0.986
ME_8A3D770BADFF,EQUIP_1B69D7610F83,2023-11-23 16:00:00,emergency,16.75,0.476
ME_509F0736FD4D,EQUIP_1B69D7610F83,2023-11-30 18:00:00,emergency,13.96,0.639
ME_CC1CA8A52034,EQUIP_1BD7A492D117,2023-02-25 11:00:00,preventive,1.08,0.957
ME_892B4F82921F,EQUIP_1BD7A492D117,2023-05-16 14:00:00,preventive,0.92,0.956
ME_B4FC89989297,EQUIP_1BD7A492D117,2023-05-22 21:00:00,corrective,3.8,0.859
ME_4A1C5B335559,EQUIP_1BD7A492D117,2023-08-24 18:00:00,preventive,1.23,0.86
ME_1908BF4FD580,EQUIP_1BD7A492D117,2023-11-18 11:00:00,preventive,0.96,0.899
ME_DE0081DBFA18,EQUIP_1D7E0ECF5A77,2023-02-08 11:00:00,preventive,0.51,0.92
ME_CBFD54A96655,EQUIP_1D7E0ECF5A77,2023-05-25 15:00:00,preventive,1.06,0.912
ME_E56D457D5034,EQUIP_1D7E0ECF5A77,2023-08-16 10:00:00,preventive,0.95,0.926
ME_817BFC048286,EQUIP_1D7E0ECF5A77,2023-10-27 23:00:00,emergency,8.66,0.637
ME_83C13F72DEF8,EQUIP_1D7E0ECF5A77,2023-11-08 13:00:00,preventive,1.15,0.936
ME_C48726C4E59D,EQUIP_1D7E0ECF5A77,2023-12-14 04:00:00,corrective,1.44,0.744
ME_C0997C0E9AD5,EQUIP_1DB0520FC5EE,2023-02-06 18:00:00,preventive,0.58,0.926
ME_118B3CCBAF66,EQUIP_1DB0520FC5EE,2023-05-22 15:00:00,preventive,1.01,0.958
ME_2166F446C80C,EQUIP_1DB0520FC5EE,2023-08-14 18:00:00,preventive,1.01,0.983
ME_A60D2827601E,EQUIP_1DB0520FC5EE,2023-11-17 14:00:00,preventive,1.2,0.941
ME_E836E0349FBE,EQUIP_1F17E72BA6F1,2023-01-19 16:00:00,preventive,0.64,0.94
ME_A33CFB412127,EQUIP_1F17E72BA6F1,2023-03-12 17:00:00,preventive,1.23,0.926
ME_4E16C76259EF,EQUIP_1F17E72BA6F1,2023-04-14 08:00:00,emergency,9.39,0.425
ME_E64E7DCDE681,EQUIP_1F17E72BA6F1,2023-05-01 11:00:00,emergency,24.3,0.759
ME_CFF4EBEDF0A6,EQUIP_1F17E72BA6F1,2023-05-01 16:00:00,preventive,1.16,0.97
ME_CE477F54147A,EQUIP_1F17E72BA6F1,2023-06-02 16:00:00,preventive,0.75,0.868
ME_3EF184087BDC,EQUIP_1F17E72BA6F1,2023-07-29 17:00:00,preventive,0.73,0.99
ME_B6CB69EEDEDA,EQUIP_1F17E72BA6F1,2023-08-26 01:00:00,emergency,4.29,0.487
ME_22830CF5578B,EQUIP_1F17E72BA6F1,2023-09-07 15:00:00,emergency,7.96,0.385
ME_F38A71F786A0,EQUIP_1F17E72BA6F1,2023-09-11 07:00:00,preventive,1.6,0.975
ME_6346A011E56F,EQUIP_1F17E72BA6F1,2023-09-23 16:00:00,emergency,1.64,0.531
ME_45B53D918422,EQUIP_1F17E72BA6F1,2023-10-13 03:00:00,emergency,2.27,0.68
ME_423B0D31BEFB,EQUIP_1F17E72BA6F1,2023-10-26 18:00:00,preventive,1.23,0.923
ME_8D551CC31E5E,EQUIP_1F17E72BA6F1,2023-12-04 08:00:00,preventive,1.04,0.996
ME_866A5BED017B,EQUIP_1F29DE07DE0C,2023-02-16 16:00:00,preventive,1.03,0.953
ME_B35EF82A4C76,EQUIP_1F29DE07DE0C,2023-05-26 10:00:00,preventive,1.75,0.914
ME_41ECCD7FE1EE,EQUIP_1F29DE07DE0C,2023-08-08 12:00:00,preventive,1.15,0.942
ME_ED653E1E31F5,EQUIP_1F29DE07DE0C,2023-10-14 07:00:00,corrective,10.02,0.934
ME_0579D3E30DBD,EQUIP_1F29DE07DE0C,2023-11-08 11:00:00,preventive,0.76,0.993
ME_B831FAC6F307,EQUIP_1F471D023F96,2023-02-03 15:00:00,preventive,0.81,0.98
ME_F77CD0AA6CFF,EQUIP_1F471D023F96,2023-02-20 15:00:00,emergency,28.37,0.566
ME_452124A3B6E9,EQUIP_1F471D023F96,2023-04-04 09:00:00,preventive,0.78,0.964
ME_C435794AA80A,EQUIP_1F471D023F96,2023-04-24 03:00:00,corrective,6.71,0.82
ME_3453A97CEDC6,EQUIP_1F471D023F96,2023-06-06 08:00:00,preventive,1.23,0.952
ME_447622CE9F8B,EQUIP_1F471D023F96,2023-08-02 12:00:00,preventive,0.74,0.97
ME_2F390153D091,EQUIP_1F471D023F96,2023-10-01 09:00:00,preventive,1.15,0.914
ME_8B81173E864C,EQUIP_1F471D023F96,2023-12-06 08:00:00,preventive,1.93,0.908
ME_B0E3ACEBC089,EQUIP_202A69F3C146,2023-04-23 15:00:00,preventive,1.02,0.987
ME_8895DEC77ED5,EQUIP_202A69F3C146,2023-08-26 01:00:00,emergency,7.57,0.425
ME_10D4D37FA75C,EQUIP_202A69F3C146,2023-10-09 10:00:00,preventive,0.63,0.952
ME_B3A903279C45,EQUIP_21C6BA712CC7,2023-04-22 09:00:00,preventive,0.97,0.949
ME_B86C298CDA56,EQUIP_21C6BA712CC7,2023-10-12 13:00:00,preventive,1.21,0.969
ME_B09DA73A0D55,EQUIP_220D1A8B2DF2,2023-01-08 00:00:00,corrective,5.75,0.717
ME_1AE59B2D05AA,EQUIP_220D1A8B2DF2,2023-01-24 11:00:00,preventive,0.85,0.909
ME_8CE47BF1A012,EQUIP_220D1A8B2DF2,2023-03-09 16:00:00,corrective,2.55,0.914
ME_9C9120343504,EQUIP_220D1A8B2DF2,2023-03-28 07:00:00,preventive,2.24,0.956
ME_21F89E753441,EQUIP_220D1A8B2DF2,2023-04-10 22:00:00,corrective,8.77,0.856
ME_A37E5F056445,EQUIP_220D1A8B2DF2,2023-04-20 07:00:00,corrective,5.92,0.785
ME_A25238F264E9,EQUIP_220D1A8B2DF2,2023-06-03 09:00:00,preventive,1.34,0.934
ME_94999FCCC18C,EQUIP_220D1A8B2DF2,2023-07-12 20:00:00,corrective,1.94,0.793
ME_C44391C50709,EQUIP_220D1A8B2DF2,2023-07-26 13:00:00,preventive,0.84,0.96
ME_A53F1117EA5F,EQUIP_220D1A8B2DF2,2023-10-05 12:00:00,preventive,1.57,0.944
ME_E4BC327C954D,EQUIP_220D1A8B2DF2,2023-11-24 10:00:00,preventive,1.21,0.991
ME_93868FA49E1B,EQUIP_250B894B6DAC,2023-02-03 11:00:00,preventive,0.92,0.923
ME_F3D6B91A0C4D,EQUIP_250B894B6DAC,2023-04-05 11:00:00,preventive,0.65,0.976
ME_4CE73C1DA27F,EQUIP_250B894B6DAC,2023-06-02 14:00:00,preventive,1.06,0.983
ME_90C24EB055E7,EQUIP_250B894B6DAC,2023-08-06 16:00:00,preventive,0.84,0.893
ME_4971C6D2906E,EQUIP_250B894B6DAC,2023-10-01 09:00:00,preventive,0.71,0.97
ME_DB1BDF7C5DC7,EQUIP_250B894B6DAC,2023-10-21 02:00:00,corrective,11.08,0.821
ME_3D740E447210,EQUIP_250B894B6DAC,2023-12-07 11:00:00,preventive,0.93,0.956
ME_4EEF841B45BD,EQUIP_2744A3FB9906,2023-02-11 17:00:00,preventive,1.22,0.97
ME_E53F0A760151,EQUIP_2744A3FB9906,2023-05-28 09:00:00,preventive,1.14,0.994
ME_CE5BB27BE929,EQUIP_2744A3FB9906,2023-05-30 06:00:00,corrective,2.07,0.767
ME_6FFA570D500B,EQUIP_2744A3FB9906,2023-06-03 09:00:00,emergency,14.49,0.58
ME_C30D808AEDF1,EQUIP_2744A3FB9906,2023-08-09 12:00:00,preventive,1.28,0.942
ME_BCC1E0EBE542,EQUIP_2744A3FB9906,2023-11-14 14:00:00,preventive,0.56,0.874
ME_8EA0A408A276,EQUIP_2744A3FB9906,2023-11-18 19:00:00,corrective,4.29,0.685
ME_6F3C476A84D9,EQUIP_28EC680358D3,2023-03-27 07:00:00,preventive,0.76,0.994
ME_5F293E84B668,EQUIP_28EC680358D3,2023-03-28 03:00:00,emergency,25.86,0.563
ME_1E0E77B47414,EQUIP_28EC680358D3,2023-07-18 03:00:00,emergency,26.45,0.671
ME_082BC59AF2AF,EQUIP_28EC680358D3,2023-09-18 14:00:00,preventive,0.77,0.973
ME_56B6767077A8,EQUIP_296D6B2E9437,2023-02-04 17:00:00,preventive,0.38,0.962
ME_68A9FC9DFBAC,EQUIP_296D6B2E9437,2023-03-07 23:00:00,emergency,12.6,0.42
ME_8300691FEE28,EQUIP_296D6B2E9437,2023-04-09 11:00:00,preventive,1.5,0.982
ME_DF1C53D4E63D,EQUIP_296D6B2E9437,2023-07-06 18:00:00,preventive,1.16,0.968
ME_3AB86E2A3EF5,EQUIP_296D6B2E9437,2023-07-17 15:00:00,corrective,2.46,0.724
ME_CE2E2A643444,EQUIP_296D6B2E9437,2023-09-22 13:00:00,preventive,0.61,0.942
ME_01B58C20BD49,EQUIP_296D6B2E9437,2023-10-04 11:00:00,emergency,4.17,0.538
ME_AF279452192E,EQUIP_296D6B2E9437,2023-10-20 23:00:00,emergency,8.8,0.406
ME_1B14A0ED3E35,EQUIP_296D6B2E9437,2023-11-27 09:00:00,preventive,1.26,0.945
ME_0C941B69FCE4,EQUIP_296D6B2E9437,2023-12-10 09:00:00,emergency,5.4,0.496
ME_10380D4680D5,EQUIP_296D6B2E9437,2023-12-20 23:00:00,emergency,33.16,0.505
ME_F864A33E4D2F,EQUIP_2B7B779D25A9,2023-02-06 12:00:00,preventive,0.67,0.919
ME_C56A9B859A9A,EQUIP_2B7B779D25A9,2023-03-27 08:00:00,preventive,0.74,0.929
ME_243F0F01188F,EQUIP_2B7B779D25A9,2023-05-30 20:00:00,corrective,3.05,0.672
ME_8D0C0A31A991,EQUIP_2B7B779D25A9,2023-06-05 17:00:00,preventive,2.66,0.952
ME_79D5B17E905D,EQUIP_2B7B779D25A9,2023-07-31 17:00:00,preventive,1.17,0.99
ME_E63797FD645C,EQUIP_2B7B779D25A9,2023-10-08 13:00:00,preventive,0.59,0.964
ME_6801E7EC1E49,EQUIP_2B7B779D25A9,2023-11-13 16:00:00,corrective,2.52,0.894
ME_8E6D279EF485,EQUIP_2B7B779D25A9,2023-12-08 12:00:00,preventive,1.34,0.92
ME_1EE9327B4841,EQUIP_2D3C58D14B6B,2023-02-10 01:00:00,corrective,3.87,0.838
ME_B32AE1B10ADC,EQUIP_2D3C58D14B6B,2023-03-04 16:00:00,corrective,6.1,0.76
ME_6741E02F2705,EQUIP_2D3C58D14B6B,2023-04-12 14:00:00,preventive,1.03,0.902
ME_548EC3DBBFCA,EQUIP_2D3C58D14B6B,2023-08-06 03:00:00,emergency,14.65,0.593
ME_A9EE542E9B87,EQUIP_2D3C58D14B6B,2023-08-27 02:00:00,emergency,6.66,0.549
ME_113D182D664A,EQUIP_2D3C58D14B6B,2023-09-16 18:00:00,preventive,1.03,0.993
ME_AD0DF8D7F129,EQUIP_2D61F3E4F599,2023-02-18 07:00:00,preventive,1.15,0.903
ME_BFA365396641,EQUIP_2D61F3E4F599,2023-03-21 06:00:00,corrective,2.62,0.878
ME_AA2F0A9594B7,EQUIP_2D61F3E4F599,2023-05-16 05:00:00,emergency,8.75,0.477
ME_664AC498E71E,EQUIP_2D61F3E4F599,2023-05-27 10:00:00,preventive,0.83,0.978
ME_DFB2FA146DD3,EQUIP_2D61F3E4F599,2023-08-24 13:00:00,preventive,1.06,0.912
ME_6398FE1AC152,EQUIP_2D61F3E4F599,2023-09-15 12:00:00,corrective,4.8,0.905
ME_CC526D0F12C2,EQUIP_2D61F3E4F599,2023-11-22 16:00:00,preventive,1.28,0.973
ME_CE072632D8B7,EQUIP_2E64AB923058,2023-03-04 06:00:00,emergency,48.0,0.749
ME_4FF6AD970720,EQUIP_2E64AB923058,2023-05-29 11:00:00,preventive,1.13,0.957
ME_599D4270BC2C,EQUIP_2E64AB923058,2023-08-24 03:00:00,emergency,4.77,0.519
ME_85A079AF2DBD,EQUIP_2E64AB923058,2023-10-10 21:00:00,emergency,6.61,0.665
ME_748E58EFB214,EQUIP_2E64AB923058,2023-11-29 22:00:00,emergency,7.19,0.604
ME_1736C2BEB6B1,EQUIP_2E64AB923058,2023-12-20 15:00:00,emergency,5.53,0.551
ME_A2E552B8C6B2,EQUIP_2ED4042352E2,2023-02-04 11:00:00,preventive,1.49,0.889
ME_02E8467AB6FF,EQUIP_2ED4042352E2,2023-04-03 12:00:00,preventive,1.22,0.956
ME_6C934CDB7FFF,EQUIP_2ED4042352E2,2023-06-01 12:00:00,preventive,0.77,0.962
ME_B7BEC95D2A5E,EQUIP_2ED4042352E2,2023-08-08 10:00:00,preventive,1.25,0.968
ME_BB46545A498F,EQUIP_2ED4042352E2,2023-10-04 16:00:00,preventive,1.12,0.981
ME_75AAA8741BF9,EQUIP_2ED4042352E2,2023-11-28 07:00:00,preventive,1.25,0.974
ME_1E5B781C61D9,EQUIP_2F0D96CE9A09,2023-02-03 07:00:00,preventive,1.14,0.978
ME_288DDBD3DD50,EQUIP_2F0D96CE9A09,2023-03-28 12:00:00,preventive,1.24,0.92
ME_84E83BB275E7,EQUIP_2F0D96CE9A09,2023-04-06 15:00:00,corrective,5.36,0.797
ME_A8979A94C096,EQUIP_2F0D96CE9A09,2023-05-26 17:00:00,preventive,0.86,0.998
ME_DAE4EAA32133,EQUIP_2F0D96CE9A09,2023-08-06 15:00:00,preventive,1.04,0.947
ME_4FB579DD0B3D,EQUIP_2F0D96CE9A09,2023-10-05 07:00:00,preventive,0.83,0.951
ME_FCBFEF36C96F,EQUIP_2F0D96CE9A09,2023-11-29 14:00:00,preventive,0.65,0.968
ME_4232766BF7F2,EQUIP_2F0D96CE9A09,2023-12-23 06:00:00,emergency,15.36,0.431
ME_F4A4860BD743,EQUIP_303BA5B63014,2023-01-05 02:00:00,corrective,5.09,0.764
ME_4FBA304904DB,EQUIP_303BA5B63014,2023-04-11 17:00:00,preventive,1.06,0.915
ME_180FB88C0FD5,EQUIP_303BA5B63014,2023-09-16 17:00:00,preventive,1.98,0.912
ME_91403AC6F8D8,EQUIP_309FAE55B80D,2023-01-27 15:00:00,preventive,0.86,0.985
ME_A72827590470,EQUIP_309FAE55B80D,2023-02-11 11:00:00,corrective,7.34,0.695
ME_9C4987762EB9,EQUIP_309FAE55B80D,2023-04-01 10:00:00,preventive,0.53,0.965
ME_7DA92490D9C8,EQUIP_309FAE55B80D,2023-06-03 12:00:00,preventive,1.42,0.944
ME_B0D3B6E9B5E1,EQUIP_309FAE55B80D,2023-08-04 15:00:00,preventive,1.2,0.94
ME_ACE232AA9DAF,EQUIP_309FAE55B80D,2023-10-01 12:00:00,corrective,4.81,0.67
ME_7E21886BA579,EQUIP_309FAE55B80D,2023-10-02 13:00:00,preventive,1.13,0.941
ME_CE069FF217ED,EQUIP_309FAE55B80D,2023-12-02 07:00:00,corrective,9.0,0.737
ME_7B01B06082E0,EQUIP_309FAE55B80D,2023-12-05 16:00:00,preventive,0.33,0.885
ME_A3DA28D88F47,EQUIP_3162806879E5,2023-01-04 07:00:00,corrective,4.25,0.819
ME_1DC51FACDE1C,EQUIP_3162806879E5,2023-03-12 06:00:00,emergency,34.52,0.504
ME_DFF18ACEBDDC,EQUIP_3162806879E5,2023-04-19 11:00:00,preventive,1.09,0.917
ME_9B3ABADE8CF0,EQUIP_3162806879E5,2023-06-29 18:00:00,emergency,7.07,0.679
ME_614472835BD4,EQUIP_3162806879E5,2023-10-15 14:00:00,preventive,0.65,0.961
ME_F24786E2CB75,EQUIP_317866CFCEA4,2023-04-21 09:00:00,preventive,1.25,0.928
ME_892B02955D0E,EQUIP_317866CFCEA4,2023-07-05 10:00:00,emergency,10.49,0.5
ME_291727F0E7FE,EQUIP_317866CFCEA4,2023-09-11 11:00:00,emergency,10.06,0.756
ME_9A8DF4D9D1A5,EQUIP_317866CFCEA4,2023-09-21 18:00:00,preventive,1.08,0.915
ME_0A4FC869F6B0,EQUIP_3249FA1D46AC,2023-02-05 03:00:00,corrective,4.07,0.858
ME_C08E03FEFDEE,EQUIP_3249FA1D46AC,2023-03-15 16:00:00,preventive,1.43,0.901
ME_AEDA15AC280C,EQUIP_3249FA1D46AC,2023-03-16 20:00:00,emergency,5.93,0.63
ME_C76A5D36CDB3,EQUIP_3249FA1D46AC,2023-07-15 11:00:00,preventive,1.16,0.994
ME_00CEB7D8DAE7,EQUIP_3249FA1D46AC,2023-08-23 08:00:00,emergency,5.36,0.616
ME_3E2DCEEA1DEF,EQUIP_3249FA1D46AC,2023-10-14 01:00:00,emergency,8.15,0.511
ME_B66E0526DE64,EQUIP_3249FA1D46AC,2023-11-09 23:00:00,corrective,3.71,0.857
ME_12C9F2E685F9,EQUIP_3249FA1D46AC,2023-11-12 16:00:00,preventive,0.97,0.941
ME_4AF76113886F,EQUIP_3249FA1D46AC,2023-12-27 18:00:00,corrective,2.56,0.618
ME_EC3CCD893D3F,EQUIP_3249FA1D46AC,2023-12-28 08:00:00,emergency,17.56,0.571
ME_DD79D02EE3FE,EQUIP_32719DBE4053,2023-02-06 05:00:00,emergency,1.54,0.662
ME_1AF67409C40D,EQUIP_32719DBE4053,2023-02-26 07:00:00,preventive,0.78,0.978
ME_491CCCF97897,EQUIP_32719DBE4053,2023-03-20 13:00:00,emergency,10.55,0.694
ME_7E51C5EE56FB,EQUIP_32719DBE4053,2023-05-14 20:00:00,emergency,5.19,0.54
ME_FBC92DCAFBF6,EQUIP_32719DBE4053,2023-05-24 08:00:00,preventive,0.48,0.907
ME_EEB2053FF905,EQUIP_32719DBE4053,2023-06-08 10:00:00,emergency,1.64,0.638
ME_6359A08C4625,EQUIP_32719DBE4053,2023-08-06 16:00:00,preventive,0.97,0.969
ME_B5CF2139DC06,EQUIP_32719DBE4053,2023-11-18 09:00:00,preventive,1.77,0.993
ME_0D097BDDFCC8,EQUIP_32719DBE4053,2023-11-20 17:00:00,emergency,2.76,0.533
ME_F2C059EF64E8,EQUIP_32AC664D9C7F,2023-03-06 13:00:00,preventive,2.0,0.868
ME_2D09552C95BB,EQUIP_32AC664D9C7F,2023-06-19 12:00:00,preventive,1.36,0.873
ME_7AE646E2799F,EQUIP_32AC664D9C7F,2023-08-10 06:00:00,emergency,0.98,0.638
ME_27B11A74A1AC,EQUIP_32AC664D9C7F,2023-11-12 13:00:00,preventive,0.84,0.94
ME_8ED15D42BA34,EQUIP_32F922C4566D,2023-02-11 17:00:00,preventive,2.11,0.909
ME_4D450D821015,EQUIP_32F922C4566D,2023-02-11 20:00:00,corrective,4.28,0.788
ME_7C163C39D440,EQUIP_32F922C4566D,2023-04-10 13:00:00,preventive,1.07,0.903
ME_4B7CD01F5D17,EQUIP_32F922C4566D,2023-05-06 22:00:00,emergency,11.68,0.717
ME_0E44FE47032F,EQUIP_32F922C4566D,2023-05-18 11:00:00,emergency,10.31,0.679
ME_23C15F00DFC0,EQUIP_32F922C4566D,2023-06-05 21:00:00,emergency,10.52,0.482
ME_45C536822749,EQUIP_32F922C4566D,2023-06-26 22:00:00,emergency,4.37,0.472
ME_CAB1AEA01C96,EQUIP_32F922C4566D,2023-06-30 09:00:00,emergency,31.51,0.468
ME_D37AA1FD10DB,EQUIP_32F922C4566D,2023-07-10 08:00:00,preventive,0.63,0.954
ME_9D4CF3A8BF9A,EQUIP_32F922C4566D,2023-09-18 18:00:00,preventive,1.13,0.928
ME_59EA6E641D13,EQUIP_32F922C4566D,2023-11-28 17:00:00,preventive,0.65,0.927
ME_28FEB790BECB,EQUIP_33E02AD8B369,2023-02-20 15:00:00,preventive,0.63,0.883
ME_513C6DC45660,EQUIP_33E02AD8B369,2023-05-21 18:00:00,preventive,1.03,0.905
ME_58B6D37C4DCC,EQUIP_33E02AD8B369,2023-08-12 18:00:00,preventive,0.85,0.958
ME_D2394FABFD3B,EQUIP_33E02AD8B369,2023-11-17 15:00:00,preventive,0.82,0.975
ME_D1F1195CFE56,EQUIP_34424853EDD8,2023-02-06 11:00:00,preventive,0.96,0.949
ME_036AE40964E2,EQUIP_34424853EDD8,2023-03-14 06:00:00,corrective,4.26,0.718
ME_AE9C1B60B3E9,EQUIP_34424853EDD8,2023-05-26 18:00:00,preventive,1.04,0.921
ME_35832FF965EF,EQUIP_34424853EDD8,2023-08-21 09:00:00,preventive,2.24,0.926
ME_875174B738E1,EQUIP_34424853EDD8,2023-11-22 18:00:00,preventive,0.71,0.9
ME_BA941925AC21,EQUIP_3464B16A4FA3,2023-01-31 15:00:00,preventive,1.04,0.953
ME_4741BE6051E0,EQUIP_3464B16A4FA3,2023-03-27 04:00:00,corrective,13.07,0.779
ME_8B30C564B68F,EQUIP_3464B16A4FA3,2023-03-29 07:00:00,preventive,0.74,0.971
ME_F642356EAA82,EQUIP_3464B16A4FA3,2023-05-27 14:00:00,preventive,0.91,0.95
ME_EE5232998B9E,EQUIP_3464B16A4FA3,2023-07-27 08:00:00,preventive,0.66,0.967
ME_1E0433B48216,EQUIP_3464B16A4FA3,2023-09-29 18:00:00,preventive,1.01,0.922
ME_A69BDEAEF8D5,EQUIP_3464B16A4FA3,2023-12-07 13:00:00,preventive,0.79,0.944
ME_528900338085,EQUIP_35E968783C26,2023-02-24 15:00:00,preventive,0.91,0.907
ME_476CBBF8646C,EQUIP_35E968783C26,2023-05-26 09:00:00,preventive,1.05,0.955
ME_1865F60AE143,EQUIP_35E968783C26,2023-08-16 07:00:00,preventive,0.8,0.938
ME_F96D6CA7FE85,EQUIP_35E968783C26,2023-11-12 14:00:00,preventive,2.03,0.951
ME_173042D8C65E,EQUIP_36098144E4BE,2023-01-30 08:00:00,corrective,8.13,0.833
ME_2CF4F895A86E,EQUIP_36098144E4BE,2023-03-30 14:00:00,preventive,0.94,0.991
ME_77454D36878C,EQUIP_36098144E4BE,2023-05-01 03:00:00,emergency,8.05,0.547
ME_6DE968912DFF,EQUIP_36098144E4BE,2023-09-21 18:00:00,preventive,1.04,0.991
ME_DFDC6DBF5344,EQUIP_36098144E4BE,2023-12-09 17:00:00,emergency,3.23,0.488
ME_8CB2B5853910,EQUIP_369E6F437A8A,2023-01-18 09:00:00,preventive,1.17,0.961
ME_4FB72CCAA7F9,EQUIP_369E6F437A8A,2023-03-14 07:00:00,preventive,1.68,0.934
ME_C7E7642746D0,EQUIP_369E6F437A8A,2023-04-28 12:00:00,preventive,1.0,0.94
ME_D87F47C58D4F,EQUIP_369E6F437A8A,2023-06-08 11:00:00,corrective,2.85,0.869
ME_221A9D1CF1AF,EQUIP_369E6F437A8A,2023-06-15 18:00:00,preventive,1.67,0.912
ME_BAA94B638CD2,EQUIP_369E6F437A8A,2023-06-15 19:00:00,emergency,5.55,0.641
ME_7936AAD55CFA,EQUIP_369E6F437A8A,2023-07-24 18:00:00,preventive,1.12,0.945
ME_CFF8E9494CDA,EQUIP_369E6F437A8A,2023-09-07 08:00:00,preventive,1.03,0.891
ME_B39E9BB526E2,EQUIP_369E6F437A8A,2023-10-31 10:00:00,preventive,0.75,0.898
ME_A79A3B602EB1,EQUIP_369E6F437A8A,2023-12-05 10:00:00,preventive,0.35,0.947
ME_F212BAE86783,EQUIP_37933BF783BD,2023-02-18 08:00:00,preventive,1.57,0.984
ME_207D522FF10D,EQUIP_37933BF783BD,2023-04-16 18:00:00,emergency,8.64,0.602
ME_8DCB57BEB29A,EQUIP_37933BF783BD,2023-04-17 07:00:00,emergency,7.32,0.628
ME_D4C66A6F22B6,EQUIP_37933BF783BD,2023-04-22 08:00:00,emergency,10.46,0.77
ME_E5D583990A69,EQUIP_37933BF783BD,2023-05-26 03:00:00,corrective,5.51,0.798
ME_ADB5D4A405BA,EQUIP_37933BF783BD,2023-06-01 08:00:00,preventive,1.46,0.986
ME_9179326EA6D8,EQUIP_37933BF783BD,2023-08-01 16:00:00,emergency,9.49,0.507
ME_8C0EB572715E,EQUIP_37933BF783BD,2023-08-18 07:00:00,preventive,0.78,0.948
ME_0280A782A2F9,EQUIP_37933BF783BD,2023-11-24 12:00:00,preventive,1.36,0.932
ME_B97E7935C8AB,EQUIP_37933BF783BD,2023-12-29 17:00:00,emergency,4.12,0.681
ME_6FE1AD2D923D,EQUIP_38AFD07CE16D,2023-02-24 14:00:00,preventive,0.6,0.835
ME_9370D9E961BA,EQUIP_38AFD07CE16D,2023-03-27 03:00:00,corrective,2.26,0.887
ME_CB3F21DAF202,EQUIP_38AFD07CE16D,2023-05-23 05:00:00,corrective,3.09,0.843
ME_585200223B2F,EQUIP_38AFD07CE16D,2023-05-24 16:00:00,corrective,8.94,0.789
ME_CE5A1404D92A,EQUIP_38AFD07CE16D,2023-06-21 17:00:00,preventive,2.14,0.916
ME_DFB9A967AE26,EQUIP_38AFD07CE16D,2023-11-06 10:00:00,preventive,0.44,0.903
ME_1F19EEBE33E7,EQUIP_3B575462DAE6,2023-02-17 10:00:00,preventive,0.99,0.992
ME_3762215AEB55,EQUIP_3B575462DAE6,2023-02-24 19:00:00,emergency,5.42,0.592
ME_C9C45C05BD50,EQUIP_3B575462DAE6,2023-04-17 07:00:00,preventive,1.07,0.845
ME_3092AFCC72C5,EQUIP_3B575462DAE6,2023-07-03 09:00:00,preventive,0.61,0.965
ME_6FEB517D3A4F,EQUIP_3B575462DAE6,2023-07-09 04:00:00,corrective,2.92,0.83
ME_C0166FC0E108,EQUIP_3B575462DAE6,2023-09-15 10:00:00,emergency,11.02,0.399
ME_08D8021A2512,EQUIP_3B575462DAE6,2023-09-18 00:00:00,emergency,8.93,0.426
ME_B0ACDFE093F0,EQUIP_3B575462DAE6,2023-09-20 12:00:00,preventive,0.46,0.966
ME_810893FABF37,EQUIP_3B575462DAE6,2023-10-25 17:00:00,emergency,10.6,0.55
ME_4A80DEB75F7D,EQUIP_3B575462DAE6,2023-12-06 14:00:00,preventive,1.59,0.966
ME_7F8F58E2CBDC,EQUIP_3B575462DAE6,2023-12-14 15:00:00,emergency,13.8,0.656
ME_3F7DDC43C988,EQUIP_3D18FFD3691D,2023-04-18 11:00:00,preventive,1.19,0.989
ME_131AEC8553D5,EQUIP_3D18FFD3691D,2023-09-16 10:00:00,preventive,0.51,0.866
ME_F61F212E8C59,EQUIP_403A88743DBE,2023-02-03 15:00:00,preventive,1.48,0.902
ME_B52D5FA33B78,EQUIP_403A88743DBE,2023-04-05 17:00:00,preventive,0.78,0.967
ME_F0848721F320,EQUIP_403A88743DBE,2023-06-08 18:00:00,preventive,0.87,0.916
ME_D24590E6A434,EQUIP_403A88743DBE,2023-08-02 15:00:00,preventive,0.95,0.978
ME_EFB4D015FA46,EQUIP_403A88743DBE,2023-10-01 16:00:00,preventive,0.84,0.875
ME_49005BEA160C,EQUIP_403A88743DBE,2023-11-27 12:00:00,preventive,1.57,0.939
ME_A139683D1FB0,EQUIP_41739BD67C07,2023-02-06 16:00:00,preventive,0.76,0.962
ME_4B19DEC97001,EQUIP_41739BD67C07,2023-05-11 18:00:00,preventive,0.76,0.912
ME_E8D65C8F641D,EQUIP_41739BD67C07,2023-08-25 08:00:00,preventive,0.9,0.987
ME_E29FA8D60046,EQUIP_41739BD67C07,2023-11-10 07:00:00,preventive,0.88,0.966
ME_48E504477B8F,EQUIP_41739BD67C07,2023-12-14 00:00:00,corrective,4.5,0.872
ME_0B1F7E856863,EQUIP_41EB95DFAA4A,2023-01-24 13:00:00,corrective,2.98,0.818
ME_EAF16F2A49E6,EQUIP_41EB95DFAA4A,2023-03-14 12:00:00,preventive,0.67,0.975
ME_AB374B8AF214,EQUIP_41EB95DFAA4A,2023-07-04 13:00:00,preventive,1.53,0.968
ME_DA0B8E96D3CA,EQUIP_41EB95DFAA4A,2023-09-16 06:00:00,corrective,2.86,0.879
ME_A3512F3F7F0A,EQUIP_41EB95DFAA4A,2023-10-28 17:00:00,preventive,0.66,0.935
ME_79B7FB2F1DFE,EQUIP_41EB95DFAA4A,2023-12-01 22:00:00,corrective,4.44,0.732
ME_C79B6F96BC8A,EQUIP_446CB0303011,2023-01-02 13:00:00,corrective,3.94,0.847
ME_82E9F30F05E1,EQUIP_446CB0303011,2023-03-10 10:00:00,preventive,2.01,0.941
ME_8CF2FF655B1F,EQUIP_446CB0303011,2023-06-22 17:00:00,preventive,1.21,0.988
ME_89F40835D6F5,EQUIP_446CB0303011,2023-08-17 04:00:00,corrective,9.01,0.741
ME_9F718DD4D738,EQUIP_446CB0303011,2023-11-02 18:00:00,preventive,0.75,0.975
ME_924BA79B2D95,EQUIP_45D038597023,2023-02-16 07:00:00,preventive,0.96,0.895
ME_FB3608579D85,EQUIP_45D038597023,2023-02-23 14:00:00,corrective,2.95,0.822
ME_489947C64629,EQUIP_45D038597023,2023-05-22 07:00:00,preventive,1.5,0.993
ME_CF7071506457,EQUIP_45D038597023,2023-08-28 17:00:00,preventive,1.5,0.949
ME_47E4FEC476A8,EQUIP_45D038597023,2023-11-07 07:00:00,preventive,0.72,0.952
ME_486F819BBAED,EQUIP_4685E718EF89,2023-02-04 19:00:00,emergency,7.16,0.513
ME_043F748672BD,EQUIP_4685E718EF89,2023-02-22 09:00:00,preventive,0.76,0.99
ME_2F4163185551,EQUIP_4685E718EF89,2023-05-23 16:00:00,preventive,0.53,0.907
ME_4BB7D33A9FC4,EQUIP_4685E718EF89,2023-08-16 14:00:00,preventive,1.04,0.948
ME_27491A865FB3,EQUIP_4685E718EF89,2023-11-13 14:00:00,preventive,1.14,0.955
ME_6D3D4CAB3102,EQUIP_475DD3A7D4EE,2023-02-13 07:00:00,preventive,0.41,0.975
ME_03678A731C1A,EQUIP_475DD3A7D4EE,2023-05-04 13:00:00,preventive,0.97,0.953
ME_835C065E4A8B,EQUIP_475DD3A7D4EE,2023-07-07 00:00:00,emergency,5.69,0.475
ME_1350961DD2D0,EQUIP_475DD3A7D4EE,2023-08-11 09:00:00,preventive,1.0,0.982
ME_B738EB0A7FF2,EQUIP_475DD3A7D4EE,2023-11-19 12:00:00,preventive,0.74,0.958
ME_E80F5090BEDA,EQUIP_475DD3A7D4EE,2023-12-06 10:00:00,emergency,5.29,0.537
ME_8B52B888A695,EQUIP_4883B435AA4B,2023-02-09 10:00:00,preventive,0.87,0.971
ME_33BDF04E129C,EQUIP_4883B435AA4B,2023-05-21 15:00:00,preventive,0.94,0.926
ME_31C3D5F71C13,EQUIP_4883B435AA4B,2023-08-17 12:00:00,preventive,1.31,0.952
ME_4151A07BCC3B,EQUIP_4883B435AA4B,2023-11-15 18:00:00,preventive,1.14,0.969
ME_0B31EB2B7781,EQUIP_4A335ED0DF0A,2023-02-08 15:00:00,preventive,1.01,0.936
ME_EF4684BFEDE8,EQUIP_4A335ED0DF0A,2023-04-15 20:00:00,emergency,6.15,0.566
ME_3D099C25DAB7,EQUIP_4A335ED0DF0A,2023-05-14 13:00:00,preventive,0.54,0.92
ME_4E29D3C2ACEC,EQUIP_4A335ED0DF0A,2023-08-06 22:00:00,emergency,14.12,0.573
ME_5C56467FC04E,EQUIP_4A335ED0DF0A,2023-08-20 14:00:00,preventive,1.44,0.959
ME_0CEC07A3E954,EQUIP_4A335ED0DF0A,2023-09-17 03:00:00,emergency,10.4,0.584
ME_FE2A531E311F,EQUIP_4A335ED0DF0A,2023-11-25 16:00:00,preventive,1.03,0.888
ME_47EE09DC15B4,EQUIP_4D022E2BAC65,2023-03-17 13:00:00,preventive,0.93,0.971
ME_2D9B9EAB0BC1,EQUIP_4D022E2BAC65,2023-10-06 10:00:00,preventive,1.21,0.964
ME_61C6EF117322,EQUIP_4DB3B6DD7690,2023-01-31 14:00:00,emergency,14.93,0.497
ME_06141B2EB03A,EQUIP_4DB3B6DD7690,2023-03-20 10:00:00,preventive,1.31,0.987
ME_89DF580073D2,EQUIP_4DB3B6DD7690,2023-04-24 14:00:00,emergency,1.99,0.77
ME_86A6E764350D,EQUIP_4DB3B6DD7690,2023-06-12 13:00:00,emergency,4.05,0.489
ME_EB4DCA22EBEC,EQUIP_4DB3B6DD7690,2023-10-12 08:00:00,preventive,0.59,0.964
ME_0E555C91F06C,EQUIP_4DB3B6DD7690,2023-10-18 00:00:00,emergency,2.36,0.536
ME_A6F38F36978E,EQUIP_4DB611D94911,2023-01-31 09:00:00,preventive,1.68,0.987
ME_F7D84351056D,EQUIP_4DB611D94911,2023-02-20 14:00:00,emergency,5.72,0.62
ME_50039D1CB8F1,EQUIP_4DB611D94911,2023-04-07 22:00:00,emergency,4.7,0.568
ME_2713C2C811A4,EQUIP_4DB611D94911,2023-05-18 16:00:00,preventive,1.45,0.972
ME_9221657D78B0,EQUIP_4DB611D94911,2023-08-07 09:00:00,preventive,0.81,0.952
ME_8AE5F68D3E33,EQUIP_4DB611D94911,2023-08-20 19:00:00,emergency,17.1,0.475
ME_202654FB0E76,EQUIP_4DB611D94911,2023-09-25 17:00:00,emergency,9.7,0.609
ME_C859FE4E5FCC,EQUIP_4DB611D94911,2023-11-16 08:00:00,emergency,3.98,0.491
ME_B5270CAA67C7,EQUIP_4DB611D94911,2023-11-22 16:00:00,preventive,0.83,0.925
ME_E638E1FC134E,EQUIP_4DB611D94911,2023-11-28 20:00:00,emergency,10.63,0.39
ME_F92E9A0A8CA7,EQUIP_4EF9EAEFDAD9,2023-02-12 15:00:00,preventive,1.42,0.958
ME_109983EC5747,EQUIP_4EF9EAEFDAD9,2023-05-26 07:00:00,preventive,0.84,0.963
ME_79E6038A3486,EQUIP_4EF9EAEFDAD9,2023-08-14 14:00:00,preventive,0.81,0.876
ME_090E2D62C11B,EQUIP_4EF9EAEFDAD9,2023-10-29 16:00:00,corrective,4.8,0.859
ME_DE7A4B876D02,EQUIP_4EF9EAEFDAD9,2023-11-05 09:00:00,preventive,1.73,0.981
ME_05A7A819A2F3,EQUIP_5031CD046FA5,2023-01-30 15:00:00,preventive,1.87,0.865
ME_675796608B2F,EQUIP_5031CD046FA5,2023-02-02 10:00:00,emergency,6.82,0.599
ME_DAAA96274566,EQUIP_5031CD046FA5,2023-03-17 07:00:00,preventive,0.8,0.92
ME_4B63D7C5948E,EQUIP_5031CD046FA5,2023-04-18 17:00:00,preventive,1.01,0.918
ME_730308369A66,EQUIP_5031CD046FA5,2023-05-02 14:00:00,emergency,8.46,0.658
ME_701C5FFC7F5B,EQUIP_5031CD046FA5,2023-05-13 03:00:00,emergency,15.45,0.626
ME_81BBD4C7B693,EQUIP_5031CD046FA5,2023-06-08 02:00:00,emergency,8.78,0.687
ME_E40AEFACC58D,EQUIP_5031CD046FA5,2023-06-13 10:00:00,preventive,1.26,0.957
ME_599FEED703EA,EQUIP_5031CD046FA5,2023-07-15 17:00:00,emergency,12.51,0.632
ME_4105A3D2EF9B,EQUIP_5031CD046FA5,2023-07-23 12:00:00,preventive,0.85,0.943
ME_231691548AE7,EQUIP_5031CD046FA5,2023-08-08 01:00:00,emergency,6.82,0.517
ME_FB25E5C550F4,EQUIP_5031CD046FA5,2023-09-08 16:00:00,preventive,0.64,0.982
ME_B82170341B12,EQUIP_5031CD046FA5,2023-09-19 11:00:00,emergency,4.59,0.536
ME_8B2AACCDDCC5,EQUIP_5031CD046FA5,2023-10-17 08:00:00,preventive,0.95,0.924
ME_4EA6E5189FAF,EQUIP_5031CD046FA5,2023-11-02 18:00:00,emergency,32.85,0.499
ME_7CB61BC6F7CC,EQUIP_5031CD046FA5,2023-12-12 08:00:00,preventive,1.4,0.97
ME_7AC749306D2D,EQUIP_50FB299C533E,2023-01-25 02:00:00,corrective,3.07,0.792
ME_D7BEEB42DC45,EQUIP_50FB299C533E,2023-02-15 10:00:00,preventive,1.27,0.928
ME_5F922097D3A9,EQUIP_50FB299C533E,2023-06-28 18:00:00,preventive,0.92,0.968
ME_7C966A7113A8,EQUIP_50FB299C533E,2023-10-21 15:00:00,preventive,1.23,0.98
ME_BAB6EA3D29D3,EQUIP_52D0D54AF00C,2023-02-20 11:00:00,preventive,1.12,0.939
ME_9278B68CE908,EQUIP_52D0D54AF00C,2023-05-27 07:00:00,preventive,1.22,0.96
ME_0916A50D9734,EQUIP_52D0D54AF00C,2023-08-13 11:00:00,preventive,0.49,0.979
ME_C321C4534522,EQUIP_52D0D54AF00C,2023-11-10 18:00:00,preventive,0.87,0.913
ME_65781100C39E,EQUIP_52D0D54AF00C,2023-12-13 23:00:00,emergency,37.63,0.582
ME_DE67E9B000DA,EQUIP_53ABC033B9B5,2023-01-24 13:00:00,preventive,0.97,0.955
ME_D03C6B557EDF,EQUIP_53ABC033B9B5,2023-04-04 08:00:00,preventive,0.78,0.935
ME_CCBD57B1AE78,EQUIP_53ABC033B9B5,2023-06-02 08:00:00,preventive,2.29,0.979
ME_0E60312C6BF6,EQUIP_53ABC033B9B5,2023-07-31 14:00:00,preventive,0.76,0.963
ME_9633D649DDDF,EQUIP_53ABC033B9B5,2023-09-14 10:00:00,corrective,2.33,0.866
ME_19E43F10BA46,EQUIP_53ABC033B9B5,2023-10-03 12:00:00,preventive,1.27,0.97
ME_9B5931BD4C65,EQUIP_53ABC033B9B5,2023-11-26 10:00:00,preventive,0.99,0.97
ME_E8F36E1867CE,EQUIP_5488E3B3B441,2023-01-29 16:00:00,corrective,4.37,0.683
ME_1AD5D08C7005,EQUIP_5488E3B3B441,2023-02-05 18:00:00,preventive,0.53,0.992
ME_3EE87F0824E3,EQUIP_5488E3B3B441,2023-05-10 16:00:00,preventive,0.6,0.92
ME_E81080C35029,EQUIP_5488E3B3B441,2023-06-20 06:00:00,corrective,4.0,0.842
ME_799AF06BBCCE,EQUIP_5488E3B3B441,2023-08-06 09:00:00,preventive,1.81,0.946
ME_17A4FF9AF45F,EQUIP_5488E3B3B441,2023-11-27 17:00:00,preventive,0.79,0.979
ME_738876DF2EB7,EQUIP_553383412D31,2023-03-19 10:00:00,preventive,1.87,0.95
ME_66F4F58C1FA9,EQUIP_553383412D31,2023-09-22 14:00:00,preventive,0.84,0.928
ME_0F41E9480AF5,EQUIP_553383412D31,2023-11-20 11:00:00,corrective,2.11,0.643
ME_A7BA63E6BC77,EQUIP_56484E38C2D7,2023-04-22 13:00:00,preventive,0.82,0.977
ME_DFBCACFF891B,EQUIP_56484E38C2D7,2023-06-24 12:00:00,corrective,6.78,0.73
ME_2BF62A9F0C84,EQUIP_56484E38C2D7,2023-10-03 12:00:00,preventive,0.74,0.925
ME_95015F0F4B27,EQUIP_56484E38C2D7,2023-12-04 03:00:00,corrective,5.35,0.857
ME_F363E81A235C,EQUIP_566D0C3C0AAC,2023-01-28 08:00:00,emergency,6.74,0.508
ME_2BA747894EAE,EQUIP_566D0C3C0AAC,2023-03-07 05:00:00,corrective,13.36,0.829
ME_868BBFCC85DB,EQUIP_566D0C3C0AAC,2023-03-07 16:00:00,preventive,0.63,0.951
ME_9F7F2C043D09,EQUIP_566D0C3C0AAC,2023-05-09 10:00:00,corrective,6.61,0.889
ME_2146FBAC3CE3,EQUIP_566D0C3C0AAC,2023-07-01 16:00:00,preventive,1.11,0.974
ME_CF5C706D8B5B,EQUIP_566D0C3C0AAC,2023-10-24 08:00:00,preventive,1.58,0.951
ME_07ACD7D5A476,EQUIP_566D0C3C0AAC,2023-11-01 08:00:00,corrective,7.99,0.823
ME_01BBCB737917,EQUIP_566D0C3C0AAC,2023-12-01 07:00:00,corrective,6.53,0.86
ME_515F4349709F,EQUIP_56FF915ABAC5,2023-02-06 08:00:00,preventive,1.05,0.921
ME_A125529B5FDB,EQUIP_56FF915ABAC5,2023-04-29 11:00:00,preventive,1.32,0.951
ME_EB8C0031FB70,EQUIP_56FF915ABAC5,2023-07-10 09:00:00,preventive,0.88,0.978
ME_4F91171CFB27,EQUIP_56FF915ABAC5,2023-09-08 18:00:00,preventive,2.21,0.859
ME_581B512AD152,EQUIP_56FF915ABAC5,2023-11-14 16:00:00,preventive,1.08,0.952
ME_9888422D9380,EQUIP_56FF915ABAC5,2023-11-18 09:00:00,emergency,10.14,0.544
ME_D10310D9BDED,EQUIP_57FAB4D02D29,2023-02-27 13:00:00,preventive,1.0,0.971
ME_D68C6DE2A893,EQUIP_57FAB4D02D29,2023-07-10 08:00:00,preventive,1.2,0.878
ME_F564CB0CBDEC,EQUIP_57FAB4D02D29,2023-10-18 08:00:00,preventive,0.6,0.918
ME_903622DE97D6,EQUIP_584E2E42CE54,2023-01-16 00:00:00,emergency,6.39,0.615
ME_8852ED5F0AF1,EQUIP_584E2E42CE54,2023-01-18 09:00:00,preventive,1.51,0.937
ME_CFBD314076F8,EQUIP_584E2E42CE54,2023-03-05 09:00:00,preventive,1.12,0.977
ME_DA69BCED82BB,EQUIP_584E2E42CE54,2023-04-23 12:00:00,preventive,1.4,0.906
ME_D429C084C582,EQUIP_584E2E42CE54,2023-06-09 14:00:00,preventive,0.83,0.877
ME_800EFFCACC3A,EQUIP_584E2E42CE54,2023-06-25 10:00:00,emergency,3.01,0.601
ME_B6814C2A6CB5,EQUIP_584E2E42CE54,2023-07-21 10:00:00,preventive,1.19,0.974
ME_E3CC61410C6C,EQUIP_584E2E42CE54,2023-09-06 17:00:00,preventive,0.77,0.954
ME_1E3D33407C71,EQUIP_584E2E42CE54,2023-10-26 12:00:00,preventive,0.67,0.963
ME_8AD57DDD5F3A,EQUIP_584E2E42CE54,2023-12-09 07:00:00,preventive,0.69,0.954
ME_C52865C04F85,EQUIP_584E2E42CE54,2023-12-11 03:00:00,emergency,4.92,0.579
ME_42BF46E525A3,EQUIP_5997071CD816,2023-03-24 18:00:00,preventive,0.94,0.912
ME_798983C24EE5,EQUIP_5997071CD816,2023-04-16 23:00:00,corrective,5.02,0.91
ME_507D779FB4EF,EQUIP_5997071CD816,2023-10-22 08:00:00,preventive,0.75,0.923
ME_C4E30F86BAC0,EQUIP_5997071CD816,2023-12-05 02:00:00,corrective,4.83,0.853
ME_8531963CEDE1,EQUIP_59D02F88C97D,2023-04-08 17:00:00,preventive,1.5,0.974
ME_4DC1E032A227,EQUIP_59D02F88C97D,2023-10-18 08:00:00,preventive,0.66,0.967
ME_C39512927988,EQUIP_59D8E5588222,2023-01-24 17:00:00,preventive,0.69,0.958
ME_5D0FF673D23D,EQUIP_59D8E5588222,2023-02-05 20:00:00,corrective,3.55,0.816
ME_A9D977400B72,EQUIP_59D8E5588222,2023-04-06 16:00:00,preventive,1.06,0.942
ME_3D66E263ADF1,EQUIP_59D8E5588222,2023-06-06 18:00:00,preventive,0.81,0.973
ME_530A00AEB555,EQUIP_59D8E5588222,2023-07-25 07:00:00,preventive,0.55,0.953
ME_F6C35FFF4709,EQUIP_59D8E5588222,2023-10-08 12:00:00,preventive,1.02,0.928
ME_F6EC700DAA5C,EQUIP_59D8E5588222,2023-10-14 02:00:00,corrective,9.01,0.839
ME_E8B30F156F8C,EQUIP_59D8E5588222,2023-12-04 07:00:00,preventive,1.25,0.997
ME_1957CED2B4ED,EQUIP_5A89EDF746A1,2023-02-16 16:00:00,preventive,1.21,0.952
ME_13EEF85CD16F,EQUIP_5A89EDF746A1,2023-06-22 09:00:00,preventive,1.6,0.96
ME_DADABA9D3470,EQUIP_5A89EDF746A1,2023-10-06 07:00:00,corrective,5.89,0.75
ME_AD69FCE100D6,EQUIP_5A89EDF746A1,2023-10-28 00:00:00,corrective,2.89,0.608
ME_2F83D652F510,EQUIP_5A89EDF746A1,2023-10-28 14:00:00,preventive,0.38,0.965
ME_F875E33EB94D,EQUIP_5C9C7FD0D4BF,2023-02-13 11:00:00,emergency,17.95,0.704
ME_0CD5CA780676,EQUIP_5C9C7FD0D4BF,2023-02-27 06:00:00,emergency,22.5,0.584
ME_133B47B11936,EQUIP_5C9C7FD0D4BF,2023-07-29 16:00:00,preventive,2.06,0.93
ME_672612ECA75F,EQUIP_5C9C7FD0D4BF,2023-11-07 01:00:00,emergency,6.23,0.678
ME_9CE12350B6F1,EQUIP_5E272F0EEFD1,2023-02-02 14:00:00,preventive,1.67,0.92
ME_B1DFB2606C8B,EQUIP_5E272F0EEFD1,2023-04-04 16:00:00,preventive,1.16,0.924
ME_6A3FC9BF7865,EQUIP_5E272F0EEFD1,2023-06-01 07:00:00,preventive,1.23,0.924
ME_8552F44F437E,EQUIP_5E272F0EEFD1,2023-08-05 16:00:00,preventive,1.3,0.942
ME_234376E3754C,EQUIP_5E272F0EEFD1,2023-10-04 10:00:00,preventive,0.86,0.981
ME_A8CA797917FC,EQUIP_5E272F0EEFD1,2023-12-04 18:00:00,preventive,0.36,0.97
ME_CD2B401273FB,EQUIP_5E998A14A6D6,2023-01-20 10:00:00,preventive,0.79,0.981
ME_876896EFF1A5,EQUIP_5E998A14A6D6,2023-03-13 07:00:00,preventive,1.0,0.987
ME_0F55578A595A,EQUIP_5E998A14A6D6,2023-04-29 10:00:00,preventive,1.13,0.887
ME_AA877A9BF13A,EQUIP_5E998A14A6D6,2023-06-16 17:00:00,preventive,1.19,0.976
ME_52F25B413703,EQUIP_5E998A14A6D6,2023-07-31 09:00:00,preventive,1.05,0.926
ME_8F9F5E7DB997,EQUIP_5E998A14A6D6,2023-09-11 13:00:00,preventive,0.87,0.975
ME_AAB46CB3EBD1,EQUIP_5E998A14A6D6,2023-10-19 18:00:00,preventive,1.06,0.936
ME_640479AF2048,EQUIP_5E998A14A6D6,2023-11-27 12:00:00,emergency,9.68,0.521
ME_C78F89234861,EQUIP_5E998A14A6D6,2023-12-16 13:00:00,preventive,1.94,0.954
ME_B28BE8E053BD,EQUIP_5F08B13AF5A8,2023-03-04 09:00:00,emergency,19.44,0.576
ME_7E9174324A43,EQUIP_5F08B13AF5A8,2023-03-14 12:00:00,preventive,0.92,0.942
ME_462177A173C1,EQUIP_5F08B13AF5A8,2023-10-02 08:00:00,preventive,0.67,0.93
ME_4FB579EDE76B,EQUIP_5F08B13AF5A8,2023-10-15 06:00:00,emergency,10.72,0.564
ME_DCBC3C8A5052,EQUIP_5F08B13AF5A8,2023-12-07 15:00:00,emergency,2.85,0.426
ME_E0EB20D05EF4,EQUIP_5F743E1393A0,2023-01-07 22:00:00,emergency,7.74,0.594
ME_422690870CD1,EQUIP_5F743E1393A0,2023-02-09 10:00:00,preventive,1.02,0.975
ME_40FD0844D576,EQUIP_5F743E1393A0,2023-05-22 14:00:00,preventive,1.24,0.986
ME_53B90BABD8A8,EQUIP_5F743E1393A0,2023-08-13 14:00:00,preventive,1.32,0.961
ME_98E50EBD0BE6,EQUIP_5F743E1393A0,2023-08-25 17:00:00,corrective,3.22,0.842
ME_230D57471E38,EQUIP_5F743E1393A0,2023-09-28 04:00:00,corrective,2.1,0.816
ME_2ED2107DE9EB,EQUIP_5F743E1393A0,2023-10-02 03:00:00,emergency,3.53,0.582
ME_785DA7D4DA5F,EQUIP_5F743E1393A0,2023-11-28 11:00:00,preventive,1.14,0.962
ME_1D6EEEDD3B78,EQUIP_6102209AFBB3,2023-02-22 09:00:00,preventive,1.28,0.985
ME_736FB302D751,EQUIP_6102209AFBB3,2023-05-07 14:00:00,preventive,1.95,0.942
ME_2763F0789CE0,EQUIP_6102209AFBB3,2023-06-09 06:00:00,corrective,7.2,0.762
ME_871C5E9FF6FD,EQUIP_6102209AFBB3,2023-08-15 14:00:00,preventive,1.51,0.981
ME_D68AF63DA05C,EQUIP_6102209AFBB3,2023-11-07 02:00:00,corrective,3.38,0.851
ME_F1DFC6871E0B,EQUIP_6102209AFBB3,2023-11-27 17:00:00,preventive,0.86,0.898
ME_E3931F53788B,EQUIP_6115D3EF3544,2023-01-18 10:00:00,preventive,0.43,0.965
ME_6B5947D8D3E7,EQUIP_6115D3EF3544,2023-03-06 12:00:00,preventive,1.27,0.971
ME_272CEF924C3B,EQUIP_6115D3EF3544,2023-04-28 10:00:00,corrective,3.05,0.77
ME_2043CF5C496C,EQUIP_6115D3EF3544,2023-04-29 12:00:00,preventive,0.44,0.949
ME_733AB65CF0A6,EQUIP_6115D3EF3544,2023-06-08 15:00:00,preventive,1.65,0.969
ME_3C2D6F906A86,EQUIP_6115D3EF3544,2023-07-08 20:00:00,emergency,11.59,0.583
ME_081BD7ADD04B,EQUIP_6115D3EF3544,2023-07-25 15:00:00,emergency,24.0,0.501
ME_980F6C0314D0,EQUIP_6115D3EF3544,2023-08-01 07:00:00,preventive,1.54,0.984
ME_E2C93C876931,EQUIP_6115D3EF3544,2023-08-23 03:00:00,emergency,3.19,0.586
ME_6A05895378B4,EQUIP_6115D3EF3544,2023-09-03 13:00:00,preventive,1.05,0.887
ME_32A12B52D8A2,EQUIP_6115D3EF3544,2023-10-24 17:00:00,preventive,0.6,0.969
ME_6810F8AFCE6E,EQUIP_6115D3EF3544,2023-12-05 10:00:00,preventive,1.24,0.96
ME_39ABE7FA6532,EQUIP_61F9CF3835E4,2023-02-25 16:00:00,preventive,0.66,0.976
ME_4649FC363D94,EQUIP_61F9CF3835E4,2023-05-28 13:00:00,preventive,0.71,0.95
ME_410F03C36C78,EQUIP_61F9CF3835E4,2023-08-12 13:00:00,preventive,1.18,0.957
ME_346F49362FBD,EQUIP_61F9CF3835E4,2023-11-23 15:00:00,preventive,1.23,0.93
ME_5B326079A352,EQUIP_6262DA5F1E5A,2023-02-07 03:00:00,emergency,20.16,0.495
ME_E7D4BBC34101,EQUIP_6262DA5F1E5A,2023-03-18 09:00:00,preventive,0.68,0.968
ME_303B8F2A747C,EQUIP_6262DA5F1E5A,2023-04-26 04:00:00,corrective,18.14,0.886
ME_5E96D3CCA4F1,EQUIP_6262DA5F1E5A,2023-07-29 15:00:00,corrective,6.62,0.808
ME_102C4B1BA747,EQUIP_6262DA5F1E5A,2023-10-15 09:00:00,preventive,1.3,0.901
ME_6217B786DFED,EQUIP_6262DA5F1E5A,2023-11-07 18:00:00,corrective,2.99,0.829
ME_1503A4C8F53F,EQUIP_6262DA5F1E5A,2023-12-15 15:00:00,corrective,6.94,0.765
ME_DC15B451104B,EQUIP_653C2F739CB9,2023-01-13 03:00:00,corrective,3.48,0.893
ME_98EEE0D063B8,EQUIP_653C2F739CB9,2023-01-26 12:00:00,preventive,0.47,0.915
ME_83A4EA59F7A9,EQUIP_653C2F739CB9,2023-03-06 22:00:00,corrective,0.98,0.828
ME_F50B78039AE3,EQUIP_653C2F739CB9,2023-03-30 15:00:00,preventive,0.87,0.95
ME_E10C79E23DC6,EQUIP_653C2F739CB9,2023-04-11 18:00:00,corrective,5.72,0.776
ME_42EF92E75E8A,EQUIP_653C2F739CB9,2023-06-05 08:00:00,preventive,0.6,0.911
ME_36F67274899B,EQUIP_653C2F739CB9,2023-08-04 10:00:00,preventive,0.89,0.934
ME_087FADD1EF54,EQUIP_653C2F739CB9,2023-09-25 13:00:00,preventive,1.13,0.978
ME_EE5E202BA077,EQUIP_653C2F739CB9,2023-12-08 15:00:00,preventive,0.73,0.901
ME_F789D339FCFB,EQUIP_65B982A00EA9,2023-02-13 18:00:00,preventive,1.21,0.937
ME_EAE1F0A6300C,EQUIP_65B982A00EA9,2023-02-16 07:00:00,corrective,5.15,0.898
ME_61B09900D305,EQUIP_65B982A00EA9,2023-04-17 21:00:00,corrective,2.81,0.86
ME_0045AF870B42,EQUIP_65B982A00EA9,2023-05-06 14:00:00,preventive,1.29,0.991
ME_54DF5530291F,EQUIP_65B982A00EA9,2023-08-08 12:00:00,preventive,1.28,0.971
ME_C22B637AD6D2,EQUIP_65B982A00EA9,2023-11-06 08:00:00,preventive,1.24,0.961
ME_9DF02731E2DB,EQUIP_66ACD6963DF7,2023-02-27 09:00:00,preventive,1.25,0.96
ME_EB885C946276,EQUIP_66ACD6963DF7,2023-04-04 06:00:00,corrective,2.22,0.814
ME_FCB9B2EBAFAA,EQUIP_66ACD6963DF7,2023-07-03 15:00:00,preventive,1.03,0.932
ME_3509FDED1486,EQUIP_66ACD6963DF7,2023-07-15 00:00:00,corrective,2.01,0.788
ME_E10CFE089A8C,EQUIP_66ACD6963DF7,2023-08-08 17:00:00,corrective,4.24,0.8
ME_2F4DF41CA77A,EQUIP_66ACD6963DF7,2023-11-04 17:00:00,preventive,0.87,0.939
ME_8A4898996B60,EQUIP_68395FB573A4,2023-02-06 12:00:00,preventive,0.65,0.968
ME_1D0AFF990760,EQUIP_68395FB573A4,2023-03-02 19:00:00,emergency,7.65,0.525
ME_DCD1A6C650BD,EQUIP_68395FB573A4,2023-03-31 16:00:00,preventive,1.32,0.938
ME_AA9FBA35F763,EQUIP_68395FB573A4,2023-06-03 12:00:00,preventive,1.1,0.914
ME_379283CA94C2,EQUIP_68395FB573A4,2023-07-04 18:00:00,corrective,11.58,0.885
ME_941D70044616,EQUIP_68395FB573A4,2023-07-27 18:00:00,preventive,1.37,0.957
ME_0B596ADD3317,EQUIP_68395FB573A4,2023-10-06 17:00:00,preventive,0.74,0.939
ME_90DE3AEF09E1,EQUIP_68395FB573A4,2023-12-01 18:00:00,preventive,0.91,0.839
ME_28849E6AB181,EQUIP_68395FB573A4,2023-12-14 17:00:00,corrective,4.18,0.715
ME_265070697D29,EQUIP_68AD277A7C59,2023-03-10 10:00:00,preventive,0.56,0.969
ME_A68D2EFA07E5,EQUIP_68AD277A7C59,2023-06-20 15:00:00,preventive,0.96,0.943
ME_29B8A778D8EC,EQUIP_68AD277A7C59,2023-10-30 10:00:00,preventive,0.59,0.943
ME_16B9D825C071,EQUIP_68CDDDE04679,2023-04-23 13:00:00,preventive,1.29,0.949
ME_31517ECAADE3,EQUIP_68CDDDE04679,2023-10-14 13:00:00,preventive,0.71,0.962
ME_88AEB89FB53C,EQUIP_69DADF072276,2023-03-14 17:00:00,preventive,1.04,0.964
ME_D96CD198080C,EQUIP_69DADF072276,2023-05-16 08:00:00,emergency,14.18,0.577
ME_D0F36E2680C5,EQUIP_69DADF072276,2023-09-29 07:00:00,preventive,0.85,0.947
ME_8D76AA057781,EQUIP_6CF4CB22A7E7,2023-03-12 17:00:00,preventive,0.63,0.953
ME_CA0A4AFAEDFF,EQUIP_6CF4CB22A7E7,2023-10-07 15:00:00,preventive,0.58,0.939
ME_0A1A5C104582,EQUIP_6DF80F04CDE8,2023-01-16 14:00:00,emergency,4.91,0.688
ME_1C3A99319A33,EQUIP_6DF80F04CDE8,2023-04-17 11:00:00,preventive,1.47,0.983
ME_E19BF2DDC71C,EQUIP_6DF80F04CDE8,2023-09-09 14:00:00,preventive,0.66,0.909
ME_D52243BE2C2F,EQUIP_6DF80F04CDE8,2023-10-31 12:00:00,corrective,3.38,0.739
ME_3F599A59D857,EQUIP_7005FBC69634,2023-02-03 11:00:00,preventive,0.87,0.952
ME_53DFFC161D36,EQUIP_7005FBC69634,2023-03-27 09:00:00,preventive,1.65,0.955
ME_F0AF3D4BB3FC,EQUIP_7005FBC69634,2023-06-02 12:00:00,preventive,0.8,0.918
ME_EE3A47F62301,EQUIP_7005FBC69634,2023-08-04 12:00:00,preventive,0.74,0.981
ME_A73081F9C063,EQUIP_7005FBC69634,2023-09-24 07:00:00,preventive,1.49,0.966
ME_68DE0059A5AE,EQUIP_7005FBC69634,2023-11-26 16:00:00,preventive,1.96,0.935
ME_3E0EBEFC453E,EQUIP_702C72B9685A,2023-02-08 22:00:00,emergency,9.74,0.444
ME_8FF0AB430F13,EQUIP_702C72B9685A,2023-02-09 18:00:00,preventive,1.08,0.954
ME_206F3016E491,EQUIP_702C72B9685A,2023-04-14 17:00:00,preventive,0.99,0.923
ME_CF9D5B64E03A,EQUIP_702C72B9685A,2023-04-21 11:00:00,emergency,12.7,0.517
ME_809F9B3C76B8,EQUIP_702C72B9685A,2023-07-07 09:00:00,preventive,1.19,0.915
ME_AE9E6C0DC937,EQUIP_702C72B9685A,2023-09-15 07:00:00,preventive,1.02,0.904
ME_F5936E5E141E,EQUIP_702C72B9685A,2023-10-06 18:00:00,emergency,4.13,0.472
ME_9EB80F482AF0,EQUIP_702C72B9685A,2023-11-22 15:00:00,emergency,4.63,0.577
ME_EFFF0F3EDA69,EQUIP_702C72B9685A,2023-12-05 16:00:00,preventive,0.65,0.977
ME_11ACCDE31C8D,EQUIP_707731BFAA9D,2023-02-26 14:00:00,preventive,0.98,0.975
ME_4FFBF76E2E07,EQUIP_707731BFAA9D,2023-05-03 17:00:00,preventive,0.91,0.99
ME_179B7644A4DB,EQUIP_707731BFAA9D,2023-06-09 08:00:00,emergency,6.56,0.563
ME_6850F38CAAB9,EQUIP_707731BFAA9D,2023-06-16 14:00:00,emergency,17.75,0.589
ME_8B3D5A9EB337,EQUIP_707731BFAA9D,2023-07-30 07:00:00,emergency,5.95,0.653
ME_07D8CB71E171,EQUIP_707731BFAA9D,2023-08-29 08:00:00,preventive,1.02,0.965
ME_BEAD2B866939,EQUIP_707731BFAA9D,2023-11-08 03:00:00,emergency,3.99,0.521
ME_FCF7BBBA47B0,EQUIP_707731BFAA9D,2023-11-10 14:00:00,preventive,1.76,0.966
ME_18020B495CD6,EQUIP_707731BFAA9D,2023-12-30 08:00:00,emergency,12.47,0.532
ME_E3FE198273EF,EQUIP_757BB88EED0D,2023-01-05 06:00:00,emergency,42.67,0.538
ME_515B42142B0C,EQUIP_757BB88EED0D,2023-04-10 14:00:00,preventive,1.5,0.977
ME_7D219A0FBD8A,EQUIP_757BB88EED0D,2023-09-20 23:00:00,emergency,27.78,0.783
ME_8216FE96925A,EQUIP_757BB88EED0D,2023-10-05 12:00:00,preventive,1.08,0.888
ME_D1487ABC8F0B,EQUIP_757BB88EED0D,2023-12-04 14:00:00,corrective,5.66,0.903
ME_3C2E4B14249E,EQUIP_764D018A645F,2023-01-30 09:00:00,emergency,14.57,0.583
ME_C6134DA5954C,EQUIP_764D018A645F,2023-03-11 06:00:00,emergency,7.91,0.42
ME_B89072B8E5D7,EQUIP_764D018A645F,2023-03-11 08:00:00,emergency,2.82,0.728
ME_8D7D76BC2C4F,EQUIP_764D018A645F,2023-04-04 12:00:00,preventive,0.8,0.926
ME_B4D119DA3385,EQUIP_764D018A645F,2023-07-18 14:00:00,emergency,4.13,0.733
ME_5873F6783F4F,EQUIP_764D018A645F,2023-08-14 05:00:00,emergency,18.79,0.638
ME_019362B84AE5,EQUIP_764D018A645F,2023-10-08 16:00:00,preventive,1.0,0.982
ME_7C81343799A4,EQUIP_770D29BC24ED,2023-01-22 23:00:00,emergency,2.68,0.5
ME_33752C7DE2DD,EQUIP_770D29BC24ED,2023-01-29 08:00:00,corrective,2.23,0.774
ME_14289F7FC736,EQUIP_770D29BC24ED,2023-02-20 10:00:00,preventive,0.5,0.92
ME_B0205C20977E,EQUIP_770D29BC24ED,2023-03-09 10:00:00,emergency,10.33,0.439
ME_2D193BBE3741,EQUIP_770D29BC24ED,2023-04-24 08:00:00,emergency,1.01,0.492
ME_47D3A00974E6,EQUIP_770D29BC24ED,2023-05-09 13:00:00,preventive,1.24,0.945
ME_4EEE801F3259,EQUIP_770D29BC24ED,2023-06-11 07:00:00,corrective,2.48,0.844
ME_E7F3D5CF1718,EQUIP_770D29BC24ED,2023-08-07 08:00:00,preventive,1.86,0.978
ME_9FF31659A7F9,EQUIP_770D29BC24ED,2023-08-17 16:00:00,emergency,3.1,0.493
ME_B0AD0A614B15,EQUIP_770D29BC24ED,2023-10-09 23:00:00,emergency,8.66,0.464
ME_3E6F81C686D8,EQUIP_770D29BC24ED,2023-11-07 11:00:00,preventive,0.76,0.969
ME_7651833FBA8D,EQUIP_78DEBF1F64EA,2023-02-10 08:00:00,emergency,13.1,0.618
ME_A9B6DBE25440,EQUIP_78DEBF1F64EA,2023-02-26 18:00:00,preventive,1.02,0.979
ME_A6EDB425D538,EQUIP_78DEBF1F64EA,2023-05-18 16:00:00,preventive,1.44,0.986
ME_C1D2D244D435,EQUIP_78DEBF1F64EA,2023-06-04 13:00:00,emergency,0.64,0.685
ME_E624902A7BC3,EQUIP_78DEBF1F64EA,2023-08-30 14:00:00,preventive,0.76,0.949
ME_77852BFEB586,EQUIP_78DEBF1F64EA,2023-10-06 23:00:00,corrective,4.04,0.729
ME_8D425D4675F4,EQUIP_78DEBF1F64EA,2023-11-09 16:00:00,preventive,0.52,0.958
ME_20C994E0F858,EQUIP_78DEBF1F64EA,2023-11-20 10:00:00,emergency,1.09,0.563
ME_A9C1D2416AD4,EQUIP_78F2CAABABFE,2023-02-04 22:00:00,corrective,3.46,0.784
ME_F51B8B9D310B,EQUIP_78F2CAABABFE,2023-02-15 07:00:00,preventive,0.97,0.974
ME_EB94CDFAA38D,EQUIP_78F2CAABABFE,2023-06-11 23:00:00,corrective,2.12,0.811
ME_E1AEE0C43792,EQUIP_78F2CAABABFE,2023-07-15 11:00:00,preventive,1.45,0.925
ME_6CD25E7A18D7,EQUIP_78F2CAABABFE,2023-07-31 02:00:00,corrective,1.85,0.841
ME_D34F7372411B,EQUIP_78F2CAABABFE,2023-10-22 16:00:00,preventive,1.01,0.954
ME_6D63125EBBEF,EQUIP_791337065FA0,2023-04-03 14:00:00,preventive,1.11,0.962
ME_D86CA39CC7D3,EQUIP_791337065FA0,2023-04-22 23:00:00,emergency,13.8,0.461
ME_31C896556729,EQUIP_791337065FA0,2023-09-20 10:00:00,preventive,0.68,0.983
ME_5B8AB998288F,EQUIP_791337065FA0,2023-11-10 11:00:00,emergency,7.11,0.411
ME_8B2436E539B4,EQUIP_7927FC305BC5,2023-02-03 15:00:00,preventive,0.91,0.96
ME_6151ACFFABBF,EQUIP_7927FC305BC5,2023-03-19 20:00:00,emergency,21.42,0.505
ME_C4C0B7F97370,EQUIP_7927FC305BC5,2023-05-31 10:00:00,preventive,0.72,0.95
ME_00B21D6889D2,EQUIP_7927FC305BC5,2023-07-16 19:00:00,emergency,9.37,0.597
ME_61AFCE5F0937,EQUIP_7927FC305BC5,2023-08-12 13:00:00,preventive,1.33,0.914
ME_C1FD4809262B,EQUIP_7927FC305BC5,2023-10-14 07:00:00,emergency,3.97,0.531
ME_F8EF4326EDF5,EQUIP_7927FC305BC5,2023-11-02 15:00:00,preventive,0.68,0.891
ME_10D03EF9E7F9,EQUIP_79721FE636D4,2023-01-14 05:00:00,emergency,26.94,0.659
ME_B7D96012E5D6,EQUIP_79721FE636D4,2023-03-09 09:00:00,emergency,9.62,0.656
ME_94F39668A178,EQUIP_79721FE636D4,2023-06-09 15:00:00,preventive,1.14,0.956
ME_6A9EF2EE552F,EQUIP_79721FE636D4,2023-07-17 13:00:00,emergency,5.61,0.664
ME_80BEF6F3E350,EQUIP_79721FE636D4,2023-07-26 16:00:00,emergency,17.5,0.568
ME_9E5C3D2D2D9D,EQUIP_79721FE636D4,2023-09-27 03:00:00,emergency,4.72,0.673
ME_3D0ED225F141,EQUIP_79721FE636D4,2023-11-28 16:00:00,emergency,2.73,0.403
ME_8D7080F4A590,EQUIP_79B489C516EE,2023-02-04 18:00:00,preventive,0.82,0.968
ME_4F57EBF71527,EQUIP_79B489C516EE,2023-05-15 16:00:00,preventive,1.18,0.963
ME_4CCCB7962F86,EQUIP_79B489C516EE,2023-08-20 10:00:00,preventive,1.61,0.88
ME_1C4C2A0FA52A,EQUIP_79B489C516EE,2023-11-20 15:00:00,preventive,0.92,0.885
ME_1005877C918F,EQUIP_7AB306CEC276,2023-01-25 12:00:00,preventive,0.72,0.923
ME_EEBF9BF12081,EQUIP_7AB306CEC276,2023-04-08 17:00:00,preventive,0.58,0.984
ME_F8EF0E17C62B,EQUIP_7AB306CEC276,2023-06-01 09:00:00,preventive,1.48,0.973
ME_C16AF57E386E,EQUIP_7AB306CEC276,2023-08-01 16:00:00,preventive,0.79,0.962
ME_76C9A25A8FC4,EQUIP_7AB306CEC276,2023-09-10 05:00:00,emergency,1.52,0.673
ME_EA7FE2CD4B6E,EQUIP_7AB306CEC276,2023-10-05 14:00:00,preventive,0.73,0.985
ME_691E30E99EB9,EQUIP_7AB306CEC276,2023-12-06 11:00:00,preventive,1.92,0.984
ME_8F5FFC4138C2,EQUIP_7B0DEA4568F6,2023-01-24 17:00:00,preventive,1.68,0.934
ME_97DA73F8A40F,EQUIP_7B0DEA4568F6,2023-04-06 12:00:00,preventive,1.18,0.979
ME_13701D07530E,EQUIP_7B0DEA4568F6,2023-05-28 18:00:00,preventive,1.25,0.929
ME_CF626CDEDBB7,EQUIP_7B0DEA4568F6,2023-07-25 14:00:00,preventive,1.44,0.996
ME_0D6753F86EF6,EQUIP_7B0DEA4568F6,2023-10-08 14:00:00,preventive,1.47,0.926
ME_95F1249CE79B,EQUIP_7B0DEA4568F6,2023-10-22 08:00:00,corrective,6.58,0.692
ME_B421BB99419E,EQUIP_7B0DEA4568F6,2023-11-27 17:00:00,preventive,1.03,0.987
ME_BB3A36145126,EQUIP_7C7C90BAC410,2023-04-01 09:00:00,preventive,0.83,0.874
ME_1AF28A86AE66,EQUIP_7C7C90BAC410,2023-05-19 09:00:00,corrective,2.14,0.88
ME_D01315CAF029,EQUIP_7C7C90BAC410,2023-10-15 16:00:00,preventive,0.77,0.981
ME_DEEDA31A1732,EQUIP_7C91BA02F16B,2023-03-25 07:00:00,preventive,1.13,0.977
ME_05F4D28A25FF,EQUIP_7C91BA02F16B,2023-06-05 21:00:00,corrective,4.03,0.795
ME_F040AF36D598,EQUIP_7C91BA02F16B,2023-09-08 01:00:00,corrective,1.71,0.809
ME_602FE613A195,EQUIP_7C91BA02F16B,2023-09-11 17:00:00,preventive,1.76,0.941
ME_D24AAAEC35F5,EQUIP_7D076C7EB4D6,2023-01-23 18:00:00,preventive,0.77,0.959
ME_58C3F8725E4D,EQUIP_7D076C7EB4D6,2023-03-15 12:00:00,preventive,0.84,0.986
ME_4235174CF4ED,EQUIP_7D076C7EB4D6,2023-04-17 17:00:00,emergency,37.86,0.475
ME_6354644FA21E,EQUIP_7D076C7EB4D6,2023-04-23 04:00:00,emergency,8.68,0.629
ME_E8A0F6490F26,EQUIP_7D076C7EB4D6,2023-04-30 11:00:00,preventive,1.16,0.934
ME_3A06656840BF,EQUIP_7D076C7EB4D6,2023-06-06 19:00:00,emergency,7.48,0.679
ME_AEF4655B1636,EQUIP_7D076C7EB4D6,2023-06-16 12:00:00,preventive,1.73,0.969
ME_D8A28B0214EB,EQUIP_7D076C7EB4D6,2023-07-28 09:00:00,preventive,0.82,0.972
ME_C18F461CD630,EQUIP_7D076C7EB4D6,2023-08-01 17:00:00,emergency,7.8,0.631
ME_AEE488AF6430,EQUIP_7D076C7EB4D6,2023-09-02 10:00:00,preventive,1.59,0.926
ME_4866857C964E,EQUIP_7D076C7EB4D6,2023-10-18 09:00:00,preventive,1.15,0.897
ME_BBAFA37BB6BC,EQUIP_7D076C7EB4D6,2023-12-11 20:00:00,emergency,34.71,0.543
ME_D4BF0813C49E,EQUIP_7D076C7EB4D6,2023-12-14 13:00:00,preventive,1.68,0.973
ME_C53AD248D500,EQUIP_7D0FB1E2DA81,2023-01-27 16:00:00,preventive,1.46,0.959
ME_D04FB7C0340D,EQUIP_7D0FB1E2DA81,2023-02-03 06:00:00,corrective,6.3,0.828
ME_4CB534A7AE74,EQUIP_7D0FB1E2DA81,2023-02-14 09:00:00,emergency,8.43,0.479
ME_F47756474954,EQUIP_7D0FB1E2DA81,2023-03-09 15:00:00,preventive,1.19,0.947
ME_DBF195282197,EQUIP_7D0FB1E2DA81,2023-04-10 17:00:00,emergency,5.0,0.594
ME_308A82B9E49A,EQUIP_7D0FB1E2DA81,2023-04-19 15:00:00,preventive,0.63,0.951
ME_D9F53587E608,EQUIP_7D0FB1E2DA81,2023-06-09 12:00:00,preventive,2.02,0.963
ME_EEF77458E757,EQUIP_7D0FB1E2DA81,2023-07-19 11:00:00,preventive,0.85,0.932
ME_0987DF796F6A,EQUIP_7D0FB1E2DA81,2023-09-07 16:00:00,preventive,1.09,0.951
ME_075C3781E6DD,EQUIP_7D0FB1E2DA81,2023-10-21 18:00:00,preventive,1.13,0.955
ME_B089EEE37048,EQUIP_7D0FB1E2DA81,2023-12-07 16:00:00,preventive,1.16,0.971
ME_1800A411CBA3,EQUIP_7D3574840447,2023-03-20 15:00:00,preventive,1.19,0.904
ME_DAFF57E2F25A,EQUIP_7D3574840447,2023-10-12 14:00:00,preventive,0.98,0.961
ME_55083B01701C,EQUIP_7E77EC074C86,2023-01-19 07:00:00,corrective,4.75,0.71
ME_A69C3DE21B40,EQUIP_7E77EC074C86,2023-03-03 10:00:00,preventive,1.08,0.902
ME_D9E06E0FFA3B,EQUIP_7E77EC074C86,2023-07-14 08:00:00,preventive,1.01,0.886
ME_74FC6055940C,EQUIP_7E77EC074C86,2023-11-16 12:00:00,preventive,1.11,0.917
ME_53E722FC85A7,EQUIP_7E77EC074C86,2023-11-20 16:00:00,corrective,4.96,0.719
ME_E9F72CB85EE1,EQUIP_7F583539C3E1,2023-03-21 04:00:00,corrective,4.08,0.85
ME_A5691D1F3268,EQUIP_7F583539C3E1,2023-04-20 18:00:00,preventive,1.26,0.917
ME_8AEB3C690B78,EQUIP_7F583539C3E1,2023-10-13 10:00:00,preventive,1.63,0.982
ME_C4399570C8CC,EQUIP_7F92D886D8AB,2023-01-16 17:00:00,corrective,5.83,0.776
ME_DD08847C1624,EQUIP_7F92D886D8AB,2023-01-29 16:00:00,preventive,0.71,0.925
ME_D617D6FEA81B,EQUIP_7F92D886D8AB,2023-03-16 13:00:00,preventive,1.07,0.972
ME_BC7E07D33DF6,EQUIP_7F92D886D8AB,2023-04-18 16:00:00,preventive,0.81,0.864
ME_85018A8DF652,EQUIP_7F92D886D8AB,2023-05-10 08:00:00,emergency,4.02,0.534
ME_28703059D9BD,EQUIP_7F92D886D8AB,2023-06-16 09:00:00,preventive,0.71,0.926
ME_C0ECEE62A618,EQUIP_7F92D886D8AB,2023-07-25 17:00:00,preventive,0.78,0.974
ME_EF65604C0357,EQUIP_7F92D886D8AB,2023-09-03 13:00:00,corrective,5.91,0.856
ME_4C2E2FF7CF0A,EQUIP_7F92D886D8AB,2023-09-08 08:00:00,preventive,0.42,0.997
ME_570D0C97C7C9,EQUIP_7F92D886D8AB,2023-10-10 07:00:00,emergency,3.04,0.561
ME_DACFE2E13ADF,EQUIP_7F92D886D8AB,2023-10-29 17:00:00,preventive,0.99,0.934
ME_004804698369,EQUIP_7F92D886D8AB,2023-12-15 11:00:00,preventive,1.62,0.978
ME_D22413EEA63A,EQUIP_7FCF245CC2B3,2023-03-03 14:00:00,preventive,1.23,0.902
ME_841E9CE7811D,EQUIP_7FCF245CC2B3,2023-06-25 17:00:00,preventive,0.75,0.982
ME_8FE84CF3F3AD,EQUIP_7FCF245CC2B3,2023-09-30 13:00:00,corrective,6.74,0.845
ME_D861E72117A8,EQUIP_7FCF245CC2B3,2023-10-18 10:00:00,preventive,0.52,0.912
ME_92214BA70021,EQUIP_7FCF245CC2B3,2023-10-23 01:00:00,corrective,1.85,0.811
ME_F99A847ED1C8,EQUIP_80118873255B,2023-02-21 14:00:00,emergency,2.3,0.469
ME_15CDDD01A202,EQUIP_80118873255B,2023-02-24 21:00:00,emergency,9.78,0.406
ME_04FCC59AAF5A,EQUIP_80118873255B,2023-02-27 08:00:00,preventive,1.59,0.964
ME_F54EBA255811,EQUIP_80118873255B,2023-04-18 18:00:00,emergency,13.55,0.483
ME_626ECC6C5448,EQUIP_80118873255B,2023-05-23 11:00:00,preventive,0.94,0.982
ME_3CDAE376AC3F,EQUIP_80118873255B,2023-06-14 15:00:00,emergency,13.97,0.563
ME_2F87CB35186D,EQUIP_80118873255B,2023-06-16 00:00:00,emergency,21.89,0.559
ME_A4B94F25FCCD,EQUIP_80118873255B,2023-08-22 13:00:00,preventive,0.87,0.916
ME_8C4584666DF7,EQUIP_80118873255B,2023-11-26 16:00:00,preventive,0.86,0.949
ME_B6C7D4D3F612,EQUIP_80571285D06E,2023-01-28 18:00:00,preventive,1.45,0.896
ME_A30D8D6119E3,EQUIP_80571285D06E,2023-03-07 15:00:00,preventive,1.21,0.96
ME_7526E03D04C4,EQUIP_80571285D06E,2023-04-21 15:00:00,preventive,1.22,0.961
ME_36E520E1776D,EQUIP_80571285D06E,2023-05-12 19:00:00,emergency,10.47,0.465
ME_56DED79B238D,EQUIP_80571285D06E,2023-06-13 14:00:00,preventive,1.1,0.942
ME_1DD36EB5F8F9,EQUIP_80571285D06E,2023-07-27 11:00:00,preventive,1.33,0.878
ME_21FD54DD83B7,EQUIP_80571285D06E,2023-09-10 16:00:00,preventive,1.0,0.907
ME_6DAAB1A224DF,EQUIP_80571285D06E,2023-10-28 07:00:00,preventive,0.9,0.971
ME_3CF6EA650940,EQUIP_80571285D06E,2023-12-08 10:00:00,preventive,0.96,0.91
ME_D2180A7C541F,EQUIP_8130A8CDCD43,2023-02-17 09:00:00,preventive,1.03,0.927
ME_7B7A6EC54508,EQUIP_8130A8CDCD43,2023-05-12 10:00:00,preventive,1.47,0.919
ME_38860041496D,EQUIP_8130A8CDCD43,2023-05-20 11:00:00,corrective,9.86,0.812
ME_2BEFFD2CB8D4,EQUIP_8130A8CDCD43,2023-08-12 14:00:00,preventive,1.14,0.952
ME_2C9D4E703A49,EQUIP_8130A8CDCD43,2023-11-18 18:00:00,preventive,1.06,0.986
ME_459713DDEDF0,EQUIP_8219FF74442D,2023-02-22 07:00:00,preventive,1.63,0.986
ME_A86B90CDEBD2,EQUIP_8219FF74442D,2023-04-12 05:00:00,corrective,5.59,0.75
ME_BF796276168B,EQUIP_8219FF74442D,2023-05-14 18:00:00,preventive,2.05,0.952
ME_E0513DD97389,EQUIP_8219FF74442D,2023-08-14 08:00:00,preventive,1.06,0.966
ME_35F2F7E2E05E,EQUIP_8219FF74442D,2023-08-21 04:00:00,corrective,4.69,0.731
ME_2B6534086223,EQUIP_8219FF74442D,2023-11-15 10:00:00,preventive,0.97,0.974
ME_4B9CAAF073B7,EQUIP_8219FF74442D,2023-12-31 16:00:00,corrective,2.94,0.815
ME_9776DB40A073,EQUIP_82337C694554,2023-02-05 07:00:00,preventive,1.11,0.857
ME_14E9AA1B5A72,EQUIP_82337C694554,2023-05-06 16:00:00,preventive,1.01,0.96
ME_C69A1C3B7F71,EQUIP_82337C694554,2023-08-08 15:00:00,preventive,0.99,0.892
ME_E758AC5E2628,EQUIP_82337C694554,2023-11-22 15:00:00,preventive,0.85,0.993
ME_8B61C0993357,EQUIP_8271301F38D8,2023-03-09 22:00:00,emergency,5.82,0.393
ME_5A02FFD09D30,EQUIP_8271301F38D8,2023-04-23 14:00:00,preventive,0.84,0.974
ME_B9341A564213,EQUIP_8271301F38D8,2023-05-20 09:00:00,emergency,12.1,0.525
ME_8B44D38DF709,EQUIP_8271301F38D8,2023-05-23 00:00:00,corrective,3.53,0.825
ME_83285975FBDB,EQUIP_8271301F38D8,2023-09-10 10:00:00,preventive,0.92,0.981
ME_87B7E52D7D5D,EQUIP_83ED2A74E96A,2023-04-24 07:00:00,preventive,2.84,0.94
ME_EFBAF74B50D4,EQUIP_83ED2A74E96A,2023-10-05 11:00:00,preventive,1.31,0.99
ME_C32C2C51F270,EQUIP_83ED2A74E96A,2023-12-26 15:00:00,emergency,20.56,0.557
ME_60884FD6D93C,EQUIP_843B2E7C046A,2023-04-21 13:00:00,preventive,0.91,0.958
ME_7C0E20562D5E,EQUIP_843B2E7C046A,2023-07-06 23:00:00,emergency,42.05,0.761
ME_8F7B372C3A74,EQUIP_843B2E7C046A,2023-08-23 05:00:00,emergency,13.18,0.463
ME_27E5716B89A1,EQUIP_843B2E7C046A,2023-10-14 07:00:00,preventive,0.74,0.988
ME_7513F88C9F3D,EQUIP_843B2E7C046A,2023-10-21 21:00:00,emergency,9.12,0.466
ME_B14B70CE21A4,EQUIP_85377D5BC9DD,2023-02-06 16:00:00,preventive,1.36,0.994
ME_9B8A8B8541CE,EQUIP_85377D5BC9DD,2023-04-08 16:00:00,preventive,1.33,0.968
ME_A2F240A87DB3,EQUIP_85377D5BC9DD,2023-05-24 22:00:00,corrective,2.82,0.864
ME_D2C2705236B5,EQUIP_85377D5BC9DD,2023-06-03 13:00:00,preventive,0.73,0.987
ME_6F65A090A913,EQUIP_85377D5BC9DD,2023-08-07 15:00:00,preventive,0.81,0.958
ME_2A37EFA28A4D,EQUIP_85377D5BC9DD,2023-10-08 12:00:00,preventive,0.76,0.957
ME_E3D275B96BE2,EQUIP_85377D5BC9DD,2023-12-02 17:00:00,preventive,1.12,0.925
ME_9A39F5DC3947,EQUIP_854FF2696D3A,2023-02-06 17:00:00,preventive,0.86,0.976
ME_DD312CFFA689,EQUIP_854FF2696D3A,2023-02-28 14:00:00,emergency,11.57,0.485
ME_5707E259F50E,EQUIP_854FF2696D3A,2023-03-21 03:00:00,corrective,3.98,0.879
ME_E7474F03D3BA,EQUIP_854FF2696D3A,2023-03-26 07:00:00,emergency,3.88,0.529
ME_FF81268C0696,EQUIP_854FF2696D3A,2023-04-25 17:00:00,preventive,1.49,0.973
ME_C070A84B1611,EQUIP_854FF2696D3A,2023-07-02 16:00:00,preventive,1.08,0.953
ME_6E2310673ED7,EQUIP_854FF2696D3A,2023-07-24 16:00:00,emergency,48.0,0.523
ME_551C079AC842,EQUIP_854FF2696D3A,2023-09-15 03:00:00,corrective,2.32,0.81
ME_AAB05DA0855C,EQUIP_854FF2696D3A,2023-09-18 16:00:00,preventive,0.75,0.976
ME_06617A66AAAE,EQUIP_854FF2696D3A,2023-11-22 11:00:00,preventive,1.13,0.967
ME_CE76A69DECE4,EQUIP_870DDC78C43B,2023-03-12 11:00:00,preventive,1.1,0.923
ME_B3C00AA62FE0,EQUIP_870DDC78C43B,2023-04-17 21:00:00,corrective,2.47,0.879
ME_D1A178F0B208,EQUIP_870DDC78C43B,2023-08-28 19:00:00,corrective,4.29,0.812
ME_E1DF675DD775,EQUIP_870DDC78C43B,2023-10-10 15:00:00,preventive,1.02,0.909
ME_E73A5F02FC57,EQUIP_87863502CABA,2023-03-19 19:00:00,corrective,8.41,0.818
ME_9877A7123167,EQUIP_87863502CABA,2023-04-01 23:00:00,corrective,1.4,0.811
ME_DAB98C116A4A,EQUIP_87863502CABA,2023-04-08 10:00:00,preventive,1.36,0.937
ME_D8F1D3DF0DC2,EQUIP_87863502CABA,2023-09-24 09:00:00,preventive,1.03,0.987
ME_F10ECA3F1ED0,EQUIP_87BB72BD68ED,2023-01-19 01:00:00,corrective,2.74,0.714
ME_D0128BE9BF9C,EQUIP_87BB72BD68ED,2023-03-26 09:00:00,preventive,1.36,0.958
ME_3D8B3A53E159,EQUIP_87BB72BD68ED,2023-04-09 03:00:00,emergency,8.93,0.443
ME_A292DB8FE964,EQUIP_87BB72BD68ED,2023-06-05 15:00:00,emergency,10.26,0.563
ME_A919D6C87639,EQUIP_87BB72BD68ED,2023-08-19 09:00:00,emergency,8.31,0.496
ME_863EBA33E463,EQUIP_87BB72BD68ED,2023-10-18 10:00:00,preventive,0.82,0.972
ME_4C0C0A7D900F,EQUIP_885D10FAD2D0,2023-01-02 11:00:00,corrective,1.84,0.807
ME_2C25733B907F,EQUIP_885D10FAD2D0,2023-02-16 12:00:00,preventive,1.24,0.913
ME_64C0027B71C5,EQUIP_885D10FAD2D0,2023-04-18 10:00:00,corrective,5.56,0.744
ME_8919FE0C1FFE,EQUIP_885D10FAD2D0,2023-05-10 12:00:00,preventive,0.77,0.971
ME_9A7B72ACC5F2,EQUIP_885D10FAD2D0,2023-08-14 16:00:00,preventive,0.8,0.965
ME_52E231DB9096,EQUIP_885D10FAD2D0,2023-11-10 07:00:00,preventive,0.53,0.935
ME_95319ABAF1BC,EQUIP_8C10C7D49AC4,2023-02-02 16:00:00,preventive,1.33,0.995
ME_D8D645433441,EQUIP_8C10C7D49AC4,2023-04-03 09:00:00,preventive,0.79,0.951
ME_5B94AF46F6D5,EQUIP_8C10C7D49AC4,2023-06-09 18:00:00,preventive,1.05,0.985
ME_22D1152467A4,EQUIP_8C10C7D49AC4,2023-08-02 16:00:00,preventive,1.43,0.964
ME_CAC5A908B7C5,EQUIP_8C10C7D49AC4,2023-09-25 13:00:00,preventive,0.83,0.973
ME_C274D2D64E3B,EQUIP_8C10C7D49AC4,2023-11-30 15:00:00,preventive,1.07,0.928
ME_C5C9EA960F7B,EQUIP_8C4091637DF2,2023-03-29 17:00:00,preventive,0.57,0.886
ME_3421D67432CD,EQUIP_8C4091637DF2,2023-09-18 16:00:00,preventive,0.73,0.961
ME_3F88DE4FE105,EQUIP_8CACF629FF39,2023-04-22 14:00:00,preventive,0.79,0.989
ME_73D564F36291,EQUIP_8CACF629FF39,2023-08-14 13:00:00,emergency,14.72,0.615
ME_09F153AAAFD3,EQUIP_8CACF629FF39,2023-08-26 02:00:00,corrective,2.42,0.858
ME_0B9996CA5586,EQUIP_8CACF629FF39,2023-09-28 12:00:00,preventive,1.69,0.933
ME_34C8E09C21C3,EQUIP_8CBAC62F7539,2023-01-12 23:00:00,corrective,2.81,0.755
ME_B4AF6AD34777,EQUIP_8CBAC62F7539,2023-02-03 10:00:00,preventive,0.94,0.917
ME_5ADBDB0DFFEC,EQUIP_8CBAC62F7539,2023-03-16 15:00:00,corrective,5.28,0.688
ME_627B45D792EA,EQUIP_8CBAC62F7539,2023-03-27 13:00:00,preventive,1.4,0.906
ME_061D084E88F2,EQUIP_8CBAC62F7539,2023-06-09 17:00:00,preventive,0.74,0.961
ME_F561C82F8F68,EQUIP_8CBAC62F7539,2023-07-25 07:00:00,preventive,2.11,0.931
ME_396D776F58E0,EQUIP_8CBAC62F7539,2023-09-30 11:00:00,preventive,0.9,0.987
ME_C1AE25A272CA,EQUIP_8CBAC62F7539,2023-11-27 07:00:00,preventive,0.71,0.892
ME_B24D59CC7E9E,EQUIP_8DDC5F25D6F3,2023-02-23 10:00:00,preventive,1.39,0.93
ME_B02ACA0BA733,EQUIP_8DDC5F25D6F3,2023-03-01 07:00:00,emergency,5.35,0.612
ME_D8AD54502552,EQUIP_8DDC5F25D6F3,2023-04-08 02:00:00,corrective,8.05,0.791
ME_124E3D369874,EQUIP_8DDC5F25D6F3,2023-05-20 15:00:00,preventive,1.44,0.951
ME_93648DA64B1E,EQUIP_8DDC5F25D6F3,2023-08-07 17:00:00,preventive,0.84,0.944
ME_625B08C48EF3,EQUIP_8DDC5F25D6F3,2023-11-20 07:00:00,preventive,0.66,0.948
ME_A6860D99EED1,EQUIP_8E29DE36844B,2023-03-12 07:00:00,preventive,0.83,0.883
ME_795EAEEEDAC3,EQUIP_8E29DE36844B,2023-04-08 06:00:00,corrective,4.06,0.75
ME_00CFC9AFB482,EQUIP_8E29DE36844B,2023-10-11 08:00:00,preventive,0.77,0.97
ME_C842864C5711,EQUIP_8E3E12D0B836,2023-01-29 02:00:00,corrective,1.89,0.785
ME_6B1EFA1B676E,EQUIP_8E3E12D0B836,2023-02-16 07:00:00,preventive,1.97,0.937
ME_BA7740759FA1,EQUIP_8E3E12D0B836,2023-02-28 00:00:00,corrective,2.68,0.801
ME_2D9EB3A83C17,EQUIP_8E3E12D0B836,2023-04-19 13:00:00,corrective,3.78,0.792
ME_14791E92900E,EQUIP_8E3E12D0B836,2023-05-21 15:00:00,preventive,1.06,0.992
ME_CAA6568CEB53,EQUIP_8E3E12D0B836,2023-08-13 17:00:00,preventive,1.36,0.969
ME_E19BD65D4B57,EQUIP_8E3E12D0B836,2023-11-06 11:00:00,corrective,2.26,0.724
ME_DC0772259698,EQUIP_8E3E12D0B836,2023-11-17 08:00:00,preventive,0.86,0.966
ME_DACF8B23B327,EQUIP_8E42E43609B7,2023-01-30 09:00:00,corrective,1.72,0.822
ME_C4C9F959042B,EQUIP_8E42E43609B7,2023-02-09 12:00:00,preventive,1.29,0.862
ME_F4D0E7CDDE4E,EQUIP_8E42E43609B7,2023-05-28 18:00:00,preventive,1.19,0.964
ME_AC1D8EC3B3BD,EQUIP_8E42E43609B7,2023-08-19 07:00:00,preventive,1.13,0.913
ME_02792908C741,EQUIP_8E42E43609B7,2023-11-17 08:00:00,preventive,1.23,0.947
ME_DC3BA5490990,EQUIP_8F3262A49238,2023-04-20 10:00:00,preventive,1.04,0.967
ME_8B6AACAE24D3,EQUIP_8F3262A49238,2023-09-10 06:00:00,corrective,10.88,0.858
ME_196B4BFAA956,EQUIP_8F3262A49238,2023-09-26 16:00:00,preventive,0.95,0.975
ME_3E0E1011C0CF,EQUIP_8F3262A49238,2023-11-06 12:00:00,corrective,9.47,0.845
ME_609A33EC5280,EQUIP_921E5592AAFC,2023-01-14 01:00:00,emergency,7.14,0.484
ME_D11DB0162F4C,EQUIP_921E5592AAFC,2023-01-17 18:00:00,preventive,1.35,0.912
ME_AC594FF17046,EQUIP_921E5592AAFC,2023-03-08 18:00:00,preventive,1.05,0.993
ME_1B80FC75C639,EQUIP_921E5592AAFC,2023-04-12 12:00:00,corrective,1.18,0.858
ME_00B9C4948793,EQUIP_921E5592AAFC,2023-04-24 09:00:00,preventive,1.23,0.979
ME_BE7B7E88AB70,EQUIP_921E5592AAFC,2023-06-09 14:00:00,preventive,0.98,0.946
ME_506D763C4C2F,EQUIP_921E5592AAFC,2023-07-21 10:00:00,preventive,0.63,0.937
ME_EEF088916F43,EQUIP_921E5592AAFC,2023-09-05 14:00:00,preventive,1.51,0.909
ME_A2AD1013E84C,EQUIP_921E5592AAFC,2023-10-23 16:00:00,preventive,1.57,0.937
ME_9D0AF04C4CE0,EQUIP_921E5592AAFC,2023-12-09 11:00:00,preventive,0.81,0.964
ME_13C87A15FEAF,EQUIP_922F675A5213,2023-01-04 13:00:00,corrective,2.91,0.861
ME_437B3B84155B,EQUIP_922F675A5213,2023-02-26 09:00:00,preventive,1.05,0.92
ME_89678E5CEF5F,EQUIP_922F675A5213,2023-03-22 10:00:00,emergency,8.74,0.617
ME_F4168ADFD720,EQUIP_922F675A5213,2023-05-04 21:00:00,emergency,7.26,0.584
ME_782C4E674CDA,EQUIP_922F675A5213,2023-05-06 07:00:00,preventive,0.6,0.906
ME_FACAE1CF9509,EQUIP_922F675A5213,2023-08-07 17:00:00,preventive,0.7,0.944
ME_1EF7F14BD252,EQUIP_922F675A5213,2023-11-05 18:00:00,preventive,0.57,0.964
ME_53D231BE3B60,EQUIP_939ABC5EC593,2023-02-06 07:00:00,preventive,0.89,0.963
ME_976273D11771,EQUIP_939ABC5EC593,2023-04-13 08:00:00,preventive,0.82,0.992
ME_C7F4E554F212,EQUIP_939ABC5EC593,2023-07-05 17:00:00,preventive,0.86,0.989
ME_E93C733DCFD8,EQUIP_939ABC5EC593,2023-07-07 22:00:00,emergency,4.83,0.577
ME_352715473F56,EQUIP_939ABC5EC593,2023-09-23 17:00:00,preventive,1.09,0.92
ME_72729818DDCF,EQUIP_939ABC5EC593,2023-11-15 09:00:00,emergency,7.35,0.645
ME_FE346E636C37,EQUIP_939ABC5EC593,2023-11-18 18:00:00,preventive,1.32,0.954
ME_C43EC9C6B44E,EQUIP_939ABC5EC593,2023-11-18 19:00:00,corrective,3.27,0.68
ME_D608FCC049CE,EQUIP_939ABC5EC593,2023-11-29 16:00:00,emergency,26.38,0.532
ME_4656DE4C4989,EQUIP_93D613E45AD8,2023-02-04 16:00:00,preventive,0.78,0.967
ME_67D17CB7789C,EQUIP_93D613E45AD8,2023-03-27 16:00:00,preventive,1.0,0.909
ME_F294D41268CD,EQUIP_93D613E45AD8,2023-06-08 15:00:00,preventive,0.88,0.965
ME_816CA871A498,EQUIP_93D613E45AD8,2023-08-07 13:00:00,preventive,1.23,0.963
ME_90556E4F1241,EQUIP_93D613E45AD8,2023-09-28 12:00:00,preventive,0.72,0.959
ME_25641C59E14F,EQUIP_93D613E45AD8,2023-11-29 11:00:00,preventive,1.07,0.973
ME_9CBEC978BEAC,EQUIP_93E182F2056F,2023-04-14 14:00:00,preventive,0.92,0.915
ME_82C228DCE78F,EQUIP_93E182F2056F,2023-05-12 04:00:00,corrective,4.52,0.725
ME_6BFE5F06A553,EQUIP_93E182F2056F,2023-07-31 20:00:00,corrective,4.5,0.879
ME_AEE7FC82F7CE,EQUIP_93E182F2056F,2023-09-22 17:00:00,preventive,2.68,0.981
ME_D3599230661A,EQUIP_93E182F2056F,2023-11-16 18:00:00,emergency,20.34,0.64
ME_C563FD5A082F,EQUIP_94B186EED81D,2023-01-18 18:00:00,emergency,48.0,0.648
ME_C9306E4AF52F,EQUIP_94B186EED81D,2023-04-03 15:00:00,preventive,0.62,0.977
ME_23F7D9E26899,EQUIP_94B186EED81D,2023-05-27 00:00:00,corrective,5.87,0.939
ME_C12F899E9D83,EQUIP_94B186EED81D,2023-09-20 12:00:00,preventive,0.55,0.968
ME_0488F88F768C,EQUIP_94FECFC6D366,2023-02-07 10:00:00,preventive,0.86,0.986
ME_924B285350A6,EQUIP_94FECFC6D366,2023-05-23 15:00:00,preventive,0.71,0.832
ME_007F2523A8F6,EQUIP_94FECFC6D366,2023-08-04 16:00:00,preventive,0.98,0.922
ME_85E2E9FFAD92,EQUIP_94FECFC6D366,2023-08-29 00:00:00,emergency,16.9,0.517
ME_8A7CE33F51D2,EQUIP_94FECFC6D366,2023-10-11 15:00:00,corrective,7.13,0.779
ME_61C4DF7E50E5,EQUIP_94FECFC6D366,2023-10-18 08:00:00,corrective,1.38,0.716
ME_FB2FF8D5F8E4,EQUIP_94FECFC6D366,2023-11-17 12:00:00,preventive,0.72,0.914
ME_733C0B6A33EF,EQUIP_96706F095480,2023-02-06 14:00:00,preventive,1.7,0.924
ME_83E37DD2B495,EQUIP_96706F095480,2023-05-11 10:00:00,preventive,0.54,0.965
ME_48B2DD6FBBB2,EQUIP_96706F095480,2023-05-19 19:00:00,emergency,11.71,0.642
ME_4890786CA3BA,EQUIP_96706F095480,2023-08-20 08:00:00,preventive,0.96,0.948
ME_7587372FFBC8,EQUIP_96706F095480,2023-11-14 12:00:00,preventive,0.61,0.983
ME_76DA0F2E8225,EQUIP_96706F095480,2023-12-28 19:00:00,emergency,8.52,0.498
ME_204F905F0921,EQUIP_97F52CA49ECC,2023-03-02 13:00:00,preventive,1.45,0.961
ME_D48CDB73094C,EQUIP_97F52CA49ECC,2023-06-21 17:00:00,preventive,0.84,0.887
ME_A92EF62CD0B3,EQUIP_97F52CA49ECC,2023-09-27 03:00:00,corrective,7.45,0.808
ME_2F687520A2D0,EQUIP_97F52CA49ECC,2023-10-04 09:00:00,corrective,1.45,0.841
ME_A0939EC67758,EQUIP_97F52CA49ECC,2023-11-14 18:00:00,preventive,1.95,0.968
ME_07D578EC2409,EQUIP_97F52CA49ECC,2023-11-26 08:00:00,emergency,15.87,0.573
ME_A091DD7391E8,EQUIP_98313E9833FB,2023-02-04 17:00:00,preventive,1.05,0.995
ME_7174480F41C7,EQUIP_98313E9833FB,2023-05-28 07:00:00,preventive,1.38,0.987
ME_6ECD24F105B3,EQUIP_98313E9833FB,2023-08-08 15:00:00,preventive,1.11,0.992
ME_8F976480E9C6,EQUIP_98313E9833FB,2023-11-17 10:00:00,preventive,1.36,0.962
ME_CA45B23761C9,EQUIP_99082BA06DDE,2023-01-14 15:00:00,corrective,1.98,0.911
ME_BFF386EBEAC7,EQUIP_99082BA06DDE,2023-03-20 11:00:00,preventive,0.75,0.959
ME_6B0A5BF0CF63,EQUIP_99082BA06DDE,2023-10-07 08:00:00,preventive,2.04,0.976
ME_F844DF74EDD6,EQUIP_9B7D236E2123,2023-01-28 18:00:00,preventive,1.07,0.99
ME_6C80EFB788E2,EQUIP_9B7D236E2123,2023-03-12 14:00:00,preventive,0.88,0.922
ME_44CD30B22AE4,EQUIP_9B7D236E2123,2023-03-15 03:00:00,emergency,9.65,0.45
ME_BA84EDC1C15C,EQUIP_9B7D236E2123,2023-04-29 08:00:00,preventive,1.36,0.885
ME_EC7FF62672BB,EQUIP_9B7D236E2123,2023-06-10 08:00:00,preventive,1.37,0.973
ME_68A22BDC9D6F,EQUIP_9B7D236E2123,2023-07-31 18:00:00,preventive,0.67,0.971
ME_C4F8DFBDCD8A,EQUIP_9B7D236E2123,2023-08-16 04:00:00,emergency,14.68,0.595
ME_C93013D65600,EQUIP_9B7D236E2123,2023-09-10 15:00:00,preventive,0.73,0.95
ME_F663ED163357,EQUIP_9B7D236E2123,2023-10-20 16:00:00,preventive,0.69,0.921
ME_70128DE482BA,EQUIP_9B7D236E2123,2023-11-07 20:00:00,emergency,7.89,0.449
ME_5DF8CEDB6EEB,EQUIP_9B7D236E2123,2023-11-16 18:00:00,emergency,2.23,0.624
ME_8FA1E3C63D07,EQUIP_9B7D236E2123,2023-12-04 13:00:00,preventive,1.5,0.874
ME_252C6AF3E9CF,EQUIP_9CAC69A58D30,2023-02-05 08:00:00,emergency,7.71,0.588
ME_BF170049EF3D,EQUIP_9CAC69A58D30,2023-02-10 07:00:00,preventive,1.1,0.941
ME_491CCCCB21C2,EQUIP_9CAC69A58D30,2023-02-28 06:00:00,emergency,23.09,0.67
ME_1A62912F90B7,EQUIP_9CAC69A58D30,2023-03-19 08:00:00,emergency,9.02,0.586
ME_E690160A5397,EQUIP_9CAC69A58D30,2023-04-10 18:00:00,preventive,1.76,0.968
ME_BABA6AC6D1DA,EQUIP_9CAC69A58D30,2023-06-26 05:00:00,emergency,7.07,0.55
ME_96AE73BA1195,EQUIP_9CAC69A58D30,2023-07-02 17:00:00,preventive,1.38,0.957
ME_40A2825CF009,EQUIP_9CAC69A58D30,2023-07-20 22:00:00,corrective,1.14,0.908
ME_CD25CF6D5F41,EQUIP_9CAC69A58D30,2023-09-11 16:00:00,preventive,1.05,0.973
ME_DD91393BE97B,EQUIP_9CAC69A58D30,2023-12-05 10:00:00,preventive,1.98,0.943
ME_D8565DC3CB7C,EQUIP_9DFA23629290,2023-02-23 15:00:00,preventive,1.1,0.989
ME_9EC748790287,EQUIP_9DFA23629290,2023-04-06 19:00:00,emergency,3.05,0.549
ME_00CD546E2471,EQUIP_9DFA23629290,2023-07-11 11:00:00,preventive,1.65,0.941
ME_E8F7A097C5FA,EQUIP_9DFA23629290,2023-09-08 02:00:00,corrective,7.09,0.787
ME_B0BD7B679A6B,EQUIP_9DFA23629290,2023-11-11 09:00:00,preventive,1.22,0.981
ME_2618D47C4652,EQUIP_9EDFF7D53791,2023-02-03 07:00:00,preventive,1.53,0.954
ME_D7E34A72C82D,EQUIP_9EDFF7D53791,2023-04-01 14:00:00,preventive,0.77,0.932
ME_178991B9C63E,EQUIP_9EDFF7D53791,2023-06-08 15:00:00,preventive,1.06,0.924
ME_C9803266D3EB,EQUIP_9EDFF7D53791,2023-08-05 17:00:00,preventive,1.14,0.953
ME_989A78AF77BE,EQUIP_9EDFF7D53791,2023-09-26 10:00:00,preventive,1.86,0.889
ME_10590A05C677,EQUIP_9EDFF7D53791,2023-11-29 12:00:00,preventive,1.29,0.944
ME_5B665E37E1F7,EQUIP_A00275D4FE78,2023-02-19 12:00:00,preventive,0.85,0.986
ME_63FBA6A40A29,EQUIP_A00275D4FE78,2023-04-10 23:00:00,corrective,7.47,0.857
ME_0C29C31EED7A,EQUIP_A00275D4FE78,2023-05-27 17:00:00,preventive,1.54,0.974
ME_76992BFA9328,EQUIP_A00275D4FE78,2023-06-27 21:00:00,corrective,6.71,0.689
ME_56FC5EFF197E,EQUIP_A00275D4FE78,2023-08-27 15:00:00,preventive,2.49,0.934
ME_0F3D8AB17B1C,EQUIP_A00275D4FE78,2023-11-26 18:00:00,preventive,0.71,0.981
ME_B2BFFF8EFE9C,EQUIP_A00275D4FE78,2023-12-22 06:00:00,corrective,5.62,0.733
ME_F00E280B4F0D,EQUIP_A06753172F6A,2023-01-20 17:00:00,preventive,1.95,0.96
ME_E6CADF18CEA7,EQUIP_A06753172F6A,2023-03-06 13:00:00,preventive,1.07,0.999
ME_4F7D31891BC3,EQUIP_A06753172F6A,2023-04-24 17:00:00,preventive,1.05,0.981
ME_9D45E84AFFE6,EQUIP_A06753172F6A,2023-06-11 07:00:00,preventive,0.89,0.943
ME_2DF954C1A936,EQUIP_A06753172F6A,2023-07-23 08:00:00,preventive,1.02,0.948
ME_DF8CEC0A93B8,EQUIP_A06753172F6A,2023-08-06 16:00:00,emergency,6.01,0.692
ME_670786854957,EQUIP_A06753172F6A,2023-09-01 16:00:00,preventive,1.27,0.933
ME_EBDD0199E16F,EQUIP_A06753172F6A,2023-10-31 08:00:00,preventive,1.81,0.973
ME_1F6C8EC9DC07,EQUIP_A06753172F6A,2023-12-16 18:00:00,preventive,0.64,0.967
ME_2D2A003E1CF5,EQUIP_A06753172F6A,2023-12-19 14:00:00,corrective,3.19,0.875
ME_52DC5B8A822B,EQUIP_A0A1BF90534A,2023-03-15 15:00:00,preventive,1.37,0.961
ME_41CD2CB70C82,EQUIP_A0A1BF90534A,2023-06-02 07:00:00,corrective,1.94,0.771
ME_E252CA0DBE7B,EQUIP_A0A1BF90534A,2023-09-21 10:00:00,preventive,1.39,0.943
ME_3F5848862163,EQUIP_A0A1BF90534A,2023-11-22 15:00:00,corrective,5.81,0.697
ME_3F4B98AF9DA3,EQUIP_A5A0393AAE82,2023-03-23 08:00:00,preventive,1.24,0.926
ME_D5072502FFBB,EQUIP_A5A0393AAE82,2023-09-30 10:00:00,preventive,1.49,0.991
ME_D8091BE7B4AE,EQUIP_A6459BAA31AB,2023-02-11 09:00:00,preventive,0.93,0.965
ME_005BEB4AA787,EQUIP_A6459BAA31AB,2023-04-25 18:00:00,preventive,1.39,0.962
ME_ADC585769E7A,EQUIP_A6459BAA31AB,2023-07-03 13:00:00,preventive,0.92,0.899
ME_565F8C8A9B32,EQUIP_A6459BAA31AB,2023-08-04 09:00:00,emergency,26.8,0.583
ME_D616B2021F72,EQUIP_A6459BAA31AB,2023-09-06 23:00:00,emergency,1.85,0.664
ME_94533589484E,EQUIP_A6459BAA31AB,2023-09-17 13:00:00,preventive,1.09,0.994
ME_CC6917A73F07,EQUIP_A6459BAA31AB,2023-11-17 09:00:00,preventive,1.13,0.868
ME_82D340F16616,EQUIP_A6459BAA31AB,2023-12-10 09:00:00,corrective,10.89,0.864
ME_B8BBB172190A,EQUIP_A6459BAA31AB,2023-12-21 05:00:00,emergency,11.21,0.655
ME_9F37CABC8E64,EQUIP_A8040BDE0443,2023-02-16 11:00:00,preventive,1.01,0.933
ME_85D11C5A0AAD,EQUIP_A8040BDE0443,2023-03-13 16:00:00,corrective,3.6,0.784
ME_A84B306DCB8C,EQUIP_A8040BDE0443,2023-04-10 20:00:00,corrective,5.33,0.828
ME_AE1BBE3A038D,EQUIP_A8040BDE0443,2023-06-22 18:00:00,preventive,0.5,0.981
ME_5762931F3512,EQUIP_A8040BDE0443,2023-07-29 02:00:00,emergency,7.25,0.577
ME_BD823C4A40C1,EQUIP_A8040BDE0443,2023-10-28 11:00:00,preventive,1.15,0.939
ME_14D5F1F05CBB,EQUIP_ABEAF91F760C,2023-03-11 09:00:00,corrective,4.01,0.836
ME_365CDC1E4634,EQUIP_ABEAF91F760C,2023-03-15 00:00:00,corrective,6.33,0.724
ME_4F5C7CB4AA0C,EQUIP_ABEAF91F760C,2023-03-28 12:00:00,preventive,1.3,0.933
ME_172F21C410A4,EQUIP_ABEAF91F760C,2023-09-10 00:00:00,corrective,13.5,0.745
ME_02809D5B8442,EQUIP_ABEAF91F760C,2023-09-20 10:00:00,preventive,0.83,0.95
ME_A04D3B999219,EQUIP_AC585AB753B7,2023-01-19 23:00:00,emergency,5.32,0.552
ME_6388E1A8816C,EQUIP_AC585AB753B7,2023-03-20 08:00:00,preventive,0.98,0.945
ME_AE1B6B1D78B5,EQUIP_AC585AB753B7,2023-04-02 09:00:00,emergency,11.02,0.524
ME_E89A6E724D77,EQUIP_AC585AB753B7,2023-09-15 11:00:00,preventive,1.52,0.864
ME_228E902F854F,EQUIP_ACFE5766FC0C,2023-01-19 18:00:00,preventive,1.1,0.931
ME_16E2CB2D4B48,EQUIP_ACFE5766FC0C,2023-02-15 11:00:00,emergency,3.89,0.709
ME_F52AACAABEFF,EQUIP_ACFE5766FC0C,2023-03-16 08:00:00,preventive,1.36,0.938
ME_CDE567F3AAF1,EQUIP_ACFE5766FC0C,2023-03-26 17:00:00,emergency,11.53,0.806
ME_78C8F54DE567,EQUIP_ACFE5766FC0C,2023-04-21 10:00:00,preventive,1.04,0.997
ME_69B7BB0861B4,EQUIP_ACFE5766FC0C,2023-06-10 09:00:00,preventive,0.96,0.918
ME_C3932690B7E8,EQUIP_ACFE5766FC0C,2023-06-29 12:00:00,emergency,3.72,0.559
ME_6C69F98BFFE8,EQUIP_ACFE5766FC0C,2023-07-23 13:00:00,preventive,0.8,0.983
ME_03CF6C3B3F86,EQUIP_ACFE5766FC0C,2023-08-13 02:00:00,emergency,8.6,0.65
ME_361E3FBECFAF,EQUIP_ACFE5766FC0C,2023-09-02 22:00:00,corrective,1.76,0.894
ME_D2A68307D7D2,EQUIP_ACFE5766FC0C,2023-09-08 15:00:00,preventive,0.78,0.946
ME_4D642AED6CC1,EQUIP_ACFE5766FC0C,2023-10-27 15:00:00,preventive,0.54,0.936
ME_A59B763BA1AF,EQUIP_ACFE5766FC0C,2023-11-05 19:00:00,emergency,8.99,0.657
ME_63FA96FFF20A,EQUIP_ACFE5766FC0C,2023-12-11 18:00:00,preventive,1.48,0.949
ME_BEF7AA6CA400,EQUIP_AE6D39CC5D62,2023-02-01 17:00:00,preventive,1.06,0.972
ME_778487777605,EQUIP_AE6D39CC5D62,2023-03-28 21:00:00,corrective,3.63,0.638
ME_F23A53734530,EQUIP_AE6D39CC5D62,2023-04-06 14:00:00,preventive,0.75,0.952
ME_DC3B3151E1A9,EQUIP_AE6D39CC5D62,2023-06-07 10:00:00,preventive,0.75,0.976
ME_2E4EF2DA485E,EQUIP_AE6D39CC5D62,2023-06-24 20:00:00,corrective,2.85,0.731
ME_49BA4F96849E,EQUIP_AE6D39CC5D62,2023-08-06 10:00:00,preventive,1.01,0.992
ME_82AB728FE27A,EQUIP_AE6D39CC5D62,2023-08-10 03:00:00,corrective,4.05,0.722
ME_39F79C70C908,EQUIP_AE6D39CC5D62,2023-09-30 15:00:00,preventive,0.93,0.907
ME_5BDAB3386D71,EQUIP_AE6D39CC5D62,2023-12-02 09:00:00,preventive,0.79,0.984
ME_7EB1B73D4C67,EQUIP_AE973FDDA8EA,2023-01-26 08:00:00,preventive,0.79,0.975
ME_AFC881AACE89,EQUIP_AE973FDDA8EA,2023-02-21 15:00:00,emergency,14.2,0.524
ME_404EC5989573,EQUIP_AE973FDDA8EA,2023-04-04 09:00:00,preventive,0.95,0.97
ME_AA760041A29C,EQUIP_AE973FDDA8EA,2023-06-02 14:00:00,preventive,1.38,0.981
ME_8B060394F889,EQUIP_AE973FDDA8EA,2023-08-04 11:00:00,preventive,0.97,0.974
ME_60E5C6B7C28D,EQUIP_AE973FDDA8EA,2023-08-10 00:00:00,emergency,15.33,0.579
ME_CC1865CC499A,EQUIP_AE973FDDA8EA,2023-09-26 17:00:00,preventive,0.86,0.986
ME_8BBE2C6156B9,EQUIP_AE973FDDA8EA,2023-12-07 16:00:00,preventive,0.7,0.963
ME_C97D69F09CA8,EQUIP_AEFF2AEB692E,2023-02-03 07:00:00,preventive,0.49,0.95
ME_94F01AB9F8AD,EQUIP_AEFF2AEB692E,2023-04-05 07:00:00,preventive,1.27,0.988
ME_BC35593C947A,EQUIP_AEFF2AEB692E,2023-05-31 12:00:00,preventive,0.49,0.992
ME_5D2B6EC6C82A,EQUIP_AEFF2AEB692E,2023-07-15 20:00:00,corrective,4.65,0.809
ME_B231713AC97E,EQUIP_AEFF2AEB692E,2023-07-28 12:00:00,preventive,0.88,0.906
ME_D14704B503DD,EQUIP_AEFF2AEB692E,2023-10-03 09:00:00,preventive,0.9,0.922
ME_D4CE8AC7D591,EQUIP_AEFF2AEB692E,2023-12-08 15:00:00,preventive,1.13,0.995
ME_D6086CD0EBA3,EQUIP_AF983610FEC3,2023-02-21 09:00:00,preventive,1.02,0.957
ME_866548BA8208,EQUIP_AF983610FEC3,2023-05-09 12:00:00,preventive,0.55,0.935
ME_38E420A91CEC,EQUIP_AF983610FEC3,2023-06-26 20:00:00,emergency,12.52,0.532
ME_29CEA0742095,EQUIP_AF983610FEC3,2023-08-13 09:00:00,preventive,0.55,0.957
ME_3FA1180A4D90,EQUIP_AF983610FEC3,2023-11-12 11:00:00,preventive,1.23,0.977
ME_0C6278724D8D,EQUIP_AFCB0A9235A4,2023-01-10 04:00:00,corrective,2.09,0.787
ME_CB6470C4B152,EQUIP_AFCB0A9235A4,2023-02-22 07:00:00,preventive,1.49,0.983
ME_3488FE103F75,EQUIP_AFCB0A9235A4,2023-05-12 17:00:00,preventive,1.33,0.977
ME_958C53C34063,EQUIP_AFCB0A9235A4,2023-05-24 22:00:00,corrective,6.66,0.77
ME_B0D5D9E9DDF5,EQUIP_AFCB0A9235A4,2023-08-13 11:00:00,preventive,0.76,0.962
ME_5449167C8651,EQUIP_AFCB0A9235A4,2023-09-29 05:00:00,emergency,4.03,0.405
ME_9573CEA0187B,EQUIP_AFCB0A9235A4,2023-11-05 07:00:00,preventive,0.79,0.989
ME_9E970B16B4AC,EQUIP_B03386E99E36,2023-04-06 21:00:00,emergency,12.58,0.487
ME_01660E0B5AB1,EQUIP_B03386E99E36,2023-04-07 07:00:00,emergency,11.43,0.634
ME_9F7F66F04D84,EQUIP_B03386E99E36,2023-04-17 16:00:00,preventive,0.78,0.967
ME_EC3FE868CD57,EQUIP_B03386E99E36,2023-06-12 22:00:00,corrective,5.82,0.845
ME_C1F54965FBE1,EQUIP_B03386E99E36,2023-07-27 11:00:00,emergency,4.24,0.452
ME_E3667CA1F75C,EQUIP_B03386E99E36,2023-08-20 10:00:00,emergency,28.05,0.44
ME_5D1EB259C1C4,EQUIP_B03386E99E36,2023-09-18 15:00:00,preventive,1.47,0.979
ME_9E0F4A5B6F32,EQUIP_B03386E99E36,2023-09-21 10:00:00,corrective,3.82,0.731
ME_104C5B5705C5,EQUIP_B03386E99E36,2023-12-26 05:00:00,emergency,5.21,0.587
ME_0B36A9028DDA,EQUIP_B0DFC9C58E9B,2023-02-16 15:00:00,preventive,1.53,0.965
ME_D854EF0BBB0D,EQUIP_B0DFC9C58E9B,2023-02-21 03:00:00,emergency,1.35,0.448
ME_A66F0CA67CDF,EQUIP_B0DFC9C58E9B,2023-04-12 09:00:00,preventive,0.79,0.969
ME_50F0B2716A8E,EQUIP_B0DFC9C58E9B,2023-06-30 11:00:00,preventive,1.69,0.99
ME_834E5EF252DB,EQUIP_B0DFC9C58E9B,2023-08-22 05:00:00,emergency,2.35,0.754
ME_1ABB9B3677E0,EQUIP_B0DFC9C58E9B,2023-09-19 18:00:00,preventive,1.28,0.935
ME_266A1A379D2D,EQUIP_B0DFC9C58E9B,2023-11-21 15:00:00,preventive,0.71,0.983
ME_C113F9796EF4,EQUIP_B1009D33F069,2023-03-11 13:00:00,preventive,0.82,0.987
ME_3C9794F980BD,EQUIP_B1009D33F069,2023-07-09 08:00:00,preventive,1.52,0.964
ME_C8E500FB1F5F,EQUIP_B1009D33F069,2023-11-02 15:00:00,preventive,1.41,0.968
ME_C00A85C3A72E,EQUIP_B1009D33F069,2023-11-06 23:00:00,corrective,1.16,0.72
ME_7D1025C600DA,EQUIP_B1C01BCA021D,2023-02-10 13:00:00,preventive,1.31,0.987
ME_A859E4F392F1,EQUIP_B1C01BCA021D,2023-02-23 18:00:00,corrective,3.01,0.815
ME_9E3492C34902,EQUIP_B1C01BCA021D,2023-05-08 18:00:00,preventive,0.81,0.932
ME_03C8772EB0AD,EQUIP_B1C01BCA021D,2023-08-28 17:00:00,preventive,1.61,0.979
ME_BD7170AE9C06,EQUIP_B1C01BCA021D,2023-11-10 12:00:00,preventive,0.75,0.975
ME_87E5596F378F,EQUIP_B1C01BCA021D,2023-11-11 21:00:00,corrective,1.32,0.867
ME_2B1BC1056B94,EQUIP_B20500D467BE,2023-04-14 16:00:00,preventive,0.81,0.963
ME_704442C7E6DD,EQUIP_B20500D467BE,2023-09-15 07:00:00,preventive,1.93,0.943
ME_2C266FD1C18C,EQUIP_B332E7D14FFE,2023-02-24 18:00:00,preventive,0.72,0.966
ME_25DE0E1BF21F,EQUIP_B332E7D14FFE,2023-03-06 17:00:00,corrective,1.96,0.685
ME_AE5B7AB11E3E,EQUIP_B332E7D14FFE,2023-05-17 18:00:00,preventive,0.64,0.977
ME_3BE896739D0C,EQUIP_B332E7D14FFE,2023-08-27 09:00:00,preventive,1.03,0.998
ME_54627CECD416,EQUIP_B332E7D14FFE,2023-09-02 14:00:00,corrective,8.08,0.85
ME_CC86705DC1A7,EQUIP_B332E7D14FFE,2023-11-12 18:00:00,preventive,1.2,0.952
ME_108D3E9CA6AA,EQUIP_B332E7D14FFE,2023-12-23 00:00:00,corrective,2.02,0.834
ME_4D0D47DC72D2,EQUIP_B4EB61A82D7A,2023-02-18 08:00:00,preventive,0.63,0.977
ME_B360CEEBCE8E,EQUIP_B4EB61A82D7A,2023-05-18 15:00:00,preventive,0.91,0.96
ME_F59EAF34E7A7,EQUIP_B4EB61A82D7A,2023-06-15 09:00:00,emergency,4.92,0.542
ME_4E118C13BC44,EQUIP_B4EB61A82D7A,2023-08-12 09:00:00,preventive,0.57,0.898
ME_4A4FB4104E24,EQUIP_B4EB61A82D7A,2023-11-23 11:00:00,preventive,1.33,0.961
ME_A9E37F4F89ED,EQUIP_B4F57D93DB2F,2023-03-29 07:00:00,preventive,1.46,0.963
ME_E0A0F33F5EAF,EQUIP_B4F57D93DB2F,2023-09-28 12:00:00,preventive,0.94,0.969
ME_B3ED659C9C02,EQUIP_B6611CC70F57,2023-02-24 12:00:00,preventive,1.9,0.967
ME_C766D75D8E79,EQUIP_B6611CC70F57,2023-05-18 16:00:00,preventive,1.13,0.983
ME_ADD0FA5286F0,EQUIP_B6611CC70F57,2023-08-12 17:00:00,preventive,0.67,0.915
ME_8F95CFCE8B6C,EQUIP_B6611CC70F57,2023-11-15 10:00:00,preventive,0.6,0.954
ME_5E3565F505DC,EQUIP_B6DFBE9CC263,2023-02-06 13:00:00,preventive,0.88,0.951
ME_F40791B83BAB,EQUIP_B6DFBE9CC263,2023-03-28 15:00:00,preventive,0.55,0.967
ME_CE7F397C7E2D,EQUIP_B6DFBE9CC263,2023-06-05 13:00:00,preventive,0.73,0.912
ME_70E70EC10C02,EQUIP_B6DFBE9CC263,2023-08-04 12:00:00,preventive,1.1,0.92
ME_A6AD5599189E,EQUIP_B6DFBE9CC263,2023-09-02 04:00:00,corrective,1.01,0.7
ME_3FF8DAEDB14A,EQUIP_B6DFBE9CC263,2023-10-05 10:00:00,preventive,1.82,0.993
ME_6186AE683159,EQUIP_B6DFBE9CC263,2023-12-05 10:00:00,preventive,1.37,0.953
ME_6F946DE21AD3,EQUIP_BA72E37E9177,2023-01-20 17:00:00,preventive,2.33,0.921
ME_578C362412C8,EQUIP_BA72E37E9177,2023-02-21 01:00:00,emergency,4.25,0.603
ME_66C2C772F706,EQUIP_BA72E37E9177,2023-03-05 17:00:00,preventive,0.66,0.939
ME_D8369E236D7A,EQUIP_BA72E37E9177,2023-05-02 07:00:00,preventive,1.27,0.994
ME_B436612313D4,EQUIP_BA72E37E9177,2023-06-06 07:00:00,preventive,0.8,0.969
ME_4A7693F73749,EQUIP_BA72E37E9177,2023-07-28 12:00:00,preventive,1.01,0.983
ME_6BEBD8ACFDCD,EQUIP_BA72E37E9177,2023-09-06 18:00:00,preventive,0.99,0.871
ME_4D9C5892E979,EQUIP_BA72E37E9177,2023-10-03 01:00:00,emergency,1.28,0.71
ME_A331583E4A4D,EQUIP_BA72E37E9177,2023-10-21 17:00:00,preventive,0.84,0.978
ME_0D7D4D94A5FC,EQUIP_BA72E37E9177,2023-12-03 16:00:00,preventive,0.74,0.939
ME_A76C8ADC266D,EQUIP_BAE63B7FF7D0,2023-03-22 16:00:00,preventive,1.28,0.967
ME_B208DE650441,EQUIP_BAE63B7FF7D0,2023-09-14 09:00:00,preventive,1.01,0.919
ME_7D0C5B4B2B20,EQUIP_BAE63B7FF7D0,2023-11-21 03:00:00,corrective,2.3,0.84
ME_6257AB83A06C,EQUIP_BB04892A6922,2023-02-06 08:00:00,preventive,1.27,0.997
ME_70DFF9535125,EQUIP_BB04892A6922,2023-05-10 15:00:00,preventive,1.02,0.981
ME_E28264B351EB,EQUIP_BB04892A6922,2023-08-11 11:00:00,preventive,2.31,0.972
ME_61F0B7C2C2B7,EQUIP_BB04892A6922,2023-11-18 16:00:00,preventive,1.76,0.988
ME_A88E32B48734,EQUIP_BB2E577A8740,2023-01-30 04:00:00,corrective,3.02,0.775
ME_4BEB85E84876,EQUIP_BB2E577A8740,2023-02-05 10:00:00,preventive,0.59,0.909
ME_9D68D2A74063,EQUIP_BB2E577A8740,2023-04-02 18:00:00,preventive,0.96,0.989
ME_2E5D3105AB19,EQUIP_BB2E577A8740,2023-06-03 16:00:00,preventive,1.04,0.899
ME_28C7645CA5B5,EQUIP_BB2E577A8740,2023-07-25 13:00:00,preventive,0.45,0.9
ME_907D71B6E350,EQUIP_BB2E577A8740,2023-09-29 11:00:00,preventive,0.92,0.926
ME_23BB4AAB60FD,EQUIP_BB2E577A8740,2023-12-07 11:00:00,preventive,0.44,0.896
ME_EA34ED92E1EE,EQUIP_BB2E577A8740,2023-12-19 06:00:00,corrective,4.8,0.801
ME_34B609E4B7F2,EQUIP_BC724389073F,2023-01-17 09:00:00,emergency,7.37,0.69
ME_9B3A0CEF4293,EQUIP_BC724389073F,2023-02-04 13:00:00,corrective,4.87,0.747
ME_242BE9931E53,EQUIP_BC724389073F,2023-03-27 12:00:00,preventive,0.59,0.961
ME_16EC9659645E,EQUIP_BC724389073F,2023-07-07 15:00:00,corrective,11.32,0.754
ME_34CBDF0E504A,EQUIP_BC724389073F,2023-07-14 22:00:00,emergency,5.89,0.678
ME_5FBF2EC8A64D,EQUIP_BC724389073F,2023-09-03 21:00:00,corrective,8.24,0.852
ME_89DAFDE08B95,EQUIP_BC724389073F,2023-09-30 17:00:00,preventive,1.13,0.893
ME_76C61A481994,EQUIP_BC724389073F,2023-10-26 14:00:00,corrective,8.89,0.815
ME_A9CAC5AE0D16,EQUIP_BD7D48023E16,2023-02-09 18:00:00,preventive,1.51,0.967
ME_7F823B8C3457,EQUIP_BD7D48023E16,2023-05-08 09:00:00,preventive,1.12,0.91
ME_44D991D3081E,EQUIP_BD7D48023E16,2023-08-22 10:00:00,preventive,0.9,0.945
ME_25A52421ABB5,EQUIP_BD7D48023E16,2023-11-11 10:00:00,preventive,0.63,0.964
ME_ADFA95162633,EQUIP_C014528CC2CE,2023-02-17 15:00:00,preventive,2.25,0.919
ME_2CECC68B351B,EQUIP_C014528CC2CE,2023-05-23 06:00:00,corrective,10.76,0.777
ME_1E757727E345,EQUIP_C014528CC2CE,2023-05-31 08:00:00,corrective,7.91,0.845
ME_8EE813D1F40C,EQUIP_C014528CC2CE,2023-07-10 13:00:00,preventive,1.06,0.906
ME_B8C86D43E505,EQUIP_C014528CC2CE,2023-11-12 12:00:00,preventive,1.1,0.941
ME_7C6603265FD4,EQUIP_C014528CC2CE,2023-12-30 10:00:00,corrective,2.49,0.819
ME_9126A798A8F2,EQUIP_C1021E317EC7,2023-02-23 08:00:00,preventive,0.79,0.978
ME_976AD64194C0,EQUIP_C1021E317EC7,2023-05-24 17:00:00,preventive,0.59,0.956
ME_389E4400ED2F,EQUIP_C1021E317EC7,2023-08-19 12:00:00,preventive,0.8,0.95
ME_8DF96A1BE29C,EQUIP_C1021E317EC7,2023-11-11 10:00:00,preventive,0.81,0.923
ME_D4838B750259,EQUIP_C18433E70883,2023-02-27 09:00:00,preventive,0.92,0.956
ME_F10B1FDB96D8,EQUIP_C18433E70883,2023-06-01 09:00:00,corrective,5.39,0.803
ME_1176A4868987,EQUIP_C18433E70883,2023-07-13 12:00:00,preventive,1.51,0.905
ME_92E5AC636988,EQUIP_C18433E70883,2023-07-20 23:00:00,corrective,5.12,0.832
ME_09A843A6F3BA,EQUIP_C18433E70883,2023-10-25 10:00:00,preventive,0.9,0.973
ME_9CE7532AE416,EQUIP_C18433E70883,2023-11-09 00:00:00,corrective,1.46,0.808
ME_4D1929456825,EQUIP_C28FD0ED5CED,2023-01-25 14:00:00,preventive,1.56,0.955
ME_AF2F3D25F56C,EQUIP_C28FD0ED5CED,2023-03-04 10:00:00,preventive,0.66,0.912
ME_741A029E97FA,EQUIP_C28FD0ED5CED,2023-04-08 23:00:00,emergency,7.96,0.503
ME_3A38B45F6EC0,EQUIP_C28FD0ED5CED,2023-04-23 12:00:00,preventive,1.66,0.917
ME_24FA06B4189E,EQUIP_C28FD0ED5CED,2023-06-12 08:00:00,preventive,0.76,0.948
ME_09AB0B91C66E,EQUIP_C28FD0ED5CED,2023-07-26 17:00:00,preventive,1.02,0.969
ME_42DA7C917031,EQUIP_C28FD0ED5CED,2023-09-12 09:00:00,preventive,0.96,0.956
ME_C7A6DA380E50,EQUIP_C28FD0ED5CED,2023-09-13 09:00:00,emergency,15.74,0.517
ME_9C1878113B2F,EQUIP_C28FD0ED5CED,2023-10-03 05:00:00,corrective,9.62,0.799
ME_3D052AEE4B1D,EQUIP_C28FD0ED5CED,2023-10-29 14:00:00,preventive,0.8,0.964
ME_D766C3FA3966,EQUIP_C28FD0ED5CED,2023-12-02 18:00:00,preventive,0.96,0.953
ME_696A0C1A1363,EQUIP_C3DCA9D2B7B4,2023-01-15 15:00:00,emergency,3.67,0.457
ME_A7969AC03DE7,EQUIP_C3DCA9D2B7B4,2023-04-01 14:00:00,preventive,1.88,0.932
ME_3758BB743D3B,EQUIP_C3DCA9D2B7B4,2023-09-15 07:00:00,preventive,0.53,0.961
ME_076AFB0D3304,EQUIP_C3DCA9D2B7B4,2023-09-28 17:00:00,emergency,8.37,0.522
ME_BD4FF6F59FBA,EQUIP_C5E01307527A,2023-02-25 09:00:00,preventive,1.24,0.948
ME_956B0EE2D5C9,EQUIP_C5E01307527A,2023-04-08 09:00:00,emergency,15.19,0.671
ME_E654B6C968EE,EQUIP_C5E01307527A,2023-04-19 19:00:00,corrective,1.74,0.786
ME_714CD7E7F8CD,EQUIP_C5E01307527A,2023-05-16 15:00:00,preventive,1.27,0.899
ME_E5FDA6C643D4,EQUIP_C5E01307527A,2023-08-08 11:00:00,preventive,1.08,0.942
ME_3A7C42443DEE,EQUIP_C5E01307527A,2023-08-23 23:00:00,corrective,1.49,0.761
ME_0369009242DC,EQUIP_C5E01307527A,2023-11-17 06:00:00,corrective,7.5,0.841
ME_BFD9FF1CF09B,EQUIP_C5E01307527A,2023-11-23 10:00:00,preventive,1.51,0.921
ME_EB53F5D1198D,EQUIP_C5E01307527A,2023-12-02 20:00:00,emergency,10.74,0.602
ME_5BCBCB37E9F0,EQUIP_C7DB6DC27E88,2023-02-14 18:00:00,preventive,1.67,0.97
ME_C183B3E7228F,EQUIP_C7DB6DC27E88,2023-05-23 17:00:00,preventive,1.05,0.946
ME_036A6F44639B,EQUIP_C7DB6DC27E88,2023-06-02 12:00:00,emergency,8.98,0.665
ME_33BD181A8F09,EQUIP_C7DB6DC27E88,2023-08-06 08:00:00,preventive,0.78,0.913
ME_19DC6E4427ED,EQUIP_C7DB6DC27E88,2023-12-01 13:00:00,preventive,1.43,0.948
ME_31310A3C7C85,EQUIP_C7DB6DC27E88,2023-12-08 13:00:00,emergency,1.4,0.486
ME_A70999F567C5,EQUIP_C87289050D38,2023-04-12 12:00:00,preventive,0.48,0.988
ME_A449D63FE9FE,EQUIP_C87289050D38,2023-05-31 21:00:00,emergency,3.15,0.605
ME_1296F119E2AF,EQUIP_C87289050D38,2023-08-04 04:00:00,corrective,2.89,0.786
ME_30F676906741,EQUIP_C87289050D38,2023-09-14 11:00:00,preventive,0.61,0.95
ME_2C366E6CF924,EQUIP_C9B7FD12A471,2023-02-17 14:00:00,preventive,0.59,0.967
ME_67CF99C45DC4,EQUIP_C9B7FD12A471,2023-05-24 15:00:00,preventive,1.27,0.945
ME_A67778371392,EQUIP_C9B7FD12A471,2023-08-18 18:00:00,preventive,0.64,0.954
ME_6EEB99D26711,EQUIP_C9B7FD12A471,2023-11-07 17:00:00,preventive,0.88,0.985
ME_3BEB29112B17,EQUIP_CAA98F324084,2023-03-02 15:00:00,preventive,0.8,0.943
ME_C7F449F79F3B,EQUIP_CAA98F324084,2023-06-20 18:00:00,preventive,0.8,0.962
ME_7493A5B4FC1C,EQUIP_CAA98F324084,2023-10-01 09:00:00,corrective,3.95,0.719
ME_F791E2A9A98C,EQUIP_CAA98F324084,2023-11-05 14:00:00,preventive,1.33,0.885
ME_4472FB616CBF,EQUIP_CC6F20398E64,2023-02-14 07:00:00,preventive,0.68,0.902
ME_CD0B26FDEF8A,EQUIP_CC6F20398E64,2023-05-19 09:00:00,preventive,0.69,0.896
ME_076C4BA0E286,EQUIP_CC6F20398E64,2023-08-20 17:00:00,preventive,0.46,0.958
ME_2E67FCCD1944,EQUIP_CC6F20398E64,2023-09-23 18:00:00,corrective,2.81,0.884
ME_E351D87FE447,EQUIP_CC6F20398E64,2023-11-24 15:00:00,preventive,1.5,0.938
ME_2B78B65D1CA8,EQUIP_CD5742B8E437,2023-01-04 00:00:00,emergency,4.24,0.571
ME_3A00C431D5A0,EQUIP_CD5742B8E437,2023-02-15 01:00:00,corrective,2.61,0.794
ME_842084829F85,EQUIP_CD5742B8E437,2023-04-04 13:00:00,preventive,0.54,0.982
ME_5B59B643CCB1,EQUIP_CD5742B8E437,2023-10-12 11:00:00,preventive,1.01,0.964
ME_30D8C0C43EF0,EQUIP_CDBF731F5544,2023-02-07 10:00:00,preventive,1.04,0.969
ME_6817ACB0B700,EQUIP_CDBF731F5544,2023-04-14 08:00:00,preventive,0.99,0.963
ME_6114C45EE03D,EQUIP_CDBF731F5544,2023-06-22 11:00:00,emergency,11.48,0.68
ME_CA98FB27468B,EQUIP_CDBF731F5544,2023-07-02 10:00:00,preventive,0.9,0.958
ME_3A1B29878981,EQUIP_CDBF731F5544,2023-09-21 10:00:00,preventive,1.04,0.885
ME_734F0F1BD8B5,EQUIP_CDBF731F5544,2023-11-14 18:00:00,preventive,1.84,0.921
ME_3FA0ACBD6E24,EQUIP_CDBF731F5544,2023-11-29 14:00:00,emergency,25.1,0.473
ME_E64F81471975,EQUIP_CDDF1301AC3A,2023-02-06 07:00:00,preventive,1.17,0.929
ME_F8E17674C97A,EQUIP_CDDF1301AC3A,2023-03-22 11:00:00,emergency,4.47,0.516
ME_739961B5A946,EQUIP_CDDF1301AC3A,2023-03-26 18:00:00,preventive,0.97,0.958
ME_93E981A2A202,EQUIP_CDDF1301AC3A,2023-06-02 10:00:00,preventive,0.6,0.915
ME_B46377F7B2F6,EQUIP_CDDF1301AC3A,2023-07-27 15:00:00,preventive,0.61,0.929
ME_8C44F491A2E7,EQUIP_CDDF1301AC3A,2023-09-27 11:00:00,preventive,2.95,0.958
ME_A2581AAF1192,EQUIP_CDDF1301AC3A,2023-11-24 14:00:00,preventive,1.5,0.964
ME_91B87B9AFB93,EQUIP_CEFD6C70B705,2023-02-06 18:00:00,preventive,1.4,0.974
ME_7CBB4C521FCC,EQUIP_CEFD6C70B705,2023-03-27 01:00:00,corrective,3.02,0.928
ME_7AD632E04ADA,EQUIP_CEFD6C70B705,2023-04-04 13:00:00,preventive,0.72,0.92
ME_433F2314B48B,EQUIP_CEFD6C70B705,2023-05-30 15:00:00,preventive,1.72,0.868
ME_8B574886B3CE,EQUIP_CEFD6C70B705,2023-08-05 13:00:00,preventive,1.38,0.984
ME_ABE380DCB734,EQUIP_CEFD6C70B705,2023-10-01 10:00:00,preventive,1.87,0.934
ME_2B67AAEB3DDE,EQUIP_CEFD6C70B705,2023-11-29 13:00:00,preventive,0.52,0.971
ME_460C96762C73,EQUIP_CF46B3972ED4,2023-04-19 13:00:00,preventive,1.35,0.95
ME_65C4FA3ACDFB,EQUIP_CF46B3972ED4,2023-07-14 00:00:00,emergency,5.07,0.621
ME_AC40D9910203,EQUIP_CF46B3972ED4,2023-09-12 17:00:00,preventive,0.55,0.922
ME_3BBE19239C63,EQUIP_D06FAE5F92FF,2023-02-28 10:00:00,preventive,0.72,0.95
ME_6E158276C07D,EQUIP_D06FAE5F92FF,2023-07-15 16:00:00,preventive,2.1,0.947
ME_44791CE3780B,EQUIP_D06FAE5F92FF,2023-08-27 21:00:00,corrective,3.25,0.773
ME_7127488AB6A2,EQUIP_D06FAE5F92FF,2023-09-20 06:00:00,emergency,7.96,0.649
ME_AD124C7BE26E,EQUIP_D06FAE5F92FF,2023-11-15 10:00:00,preventive,1.21,0.968
ME_DC1551358467,EQUIP_D12979F4282B,2023-04-11 09:00:00,preventive,1.28,0.907
ME_1482B87F2A98,EQUIP_D12979F4282B,2023-07-09 03:00:00,corrective,5.62,0.883
ME_E44435E968FF,EQUIP_D12979F4282B,2023-09-09 09:00:00,emergency,3.08,0.577
ME_F7584CB3EC9F,EQUIP_D12979F4282B,2023-10-04 20:00:00,corrective,10.03,0.772
ME_34FD24314274,EQUIP_D12979F4282B,2023-10-22 18:00:00,preventive,0.53,0.9
ME_B1198F89C3D0,EQUIP_D12979F4282B,2023-11-23 23:00:00,corrective,2.6,0.713
ME_41A609470AB8,EQUIP_D29E744FF22A,2023-02-03 15:00:00,preventive,0.83,0.948
ME_AD1FFF8C50F7,EQUIP_D29E744FF22A,2023-04-07 09:00:00,preventive,0.59,0.985
ME_CAA88CEEDEEF,EQUIP_D29E744FF22A,2023-05-31 18:00:00,preventive,0.46,0.892
ME_E42E30FAE544,EQUIP_D29E744FF22A,2023-08-08 14:00:00,preventive,0.98,0.893
ME_85D3541C94B1,EQUIP_D29E744FF22A,2023-10-07 09:00:00,preventive,1.51,0.937
ME_E93D67311CA5,EQUIP_D29E744FF22A,2023-12-04 08:00:00,preventive,0.7,0.946
ME_25204CA6439B,EQUIP_D29E744FF22A,2023-12-11 05:00:00,corrective,2.6,0.87
ME_229C33E73450,EQUIP_D3A28ACC92CB,2023-01-29 08:00:00,preventive,1.14,0.925
ME_402F7ABFCEA2,EQUIP_D3A28ACC92CB,2023-02-13 18:00:00,corrective,5.04,0.823
ME_63FD391C54DB,EQUIP_D3A28ACC92CB,2023-04-04 07:00:00,preventive,0.99,0.9
ME_DA8D0F0BDDFD,EQUIP_D3A28ACC92CB,2023-06-08 09:00:00,preventive,1.38,0.968
ME_AF97D1ADDD0E,EQUIP_D3A28ACC92CB,2023-08-03 17:00:00,preventive,1.3,0.971
ME_A6DFB259D17F,EQUIP_D3A28ACC92CB,2023-08-21 14:00:00,corrective,1.49,0.806
ME_8FF9664E6E16,EQUIP_D3A28ACC92CB,2023-10-08 15:00:00,preventive,1.09,0.986
ME_E81A304089C9,EQUIP_D3A28ACC92CB,2023-11-28 15:00:00,preventive,0.72,0.952
ME_5F351575E3B4,EQUIP_D3A28ACC92CB,2023-12-16 06:00:00,corrective,8.94,0.714
ME_AEFA1F06A89C,EQUIP_D62EF7DE4C7C,2023-02-22 12:00:00,preventive,0.87,0.96
ME_E69AABF16217,EQUIP_D62EF7DE4C7C,2023-05-22 18:00:00,preventive,1.04,0.989
ME_7BB2AC9FDB04,EQUIP_D62EF7DE4C7C,2023-06-09 09:00:00,corrective,4.43,0.854
ME_94C3A87E5B52,EQUIP_D62EF7DE4C7C,2023-08-15 12:00:00,preventive,1.4,0.959
ME_E6146BDAD62B,EQUIP_D62EF7DE4C7C,2023-11-07 07:00:00,preventive,1.36,0.902
ME_0DCF51227A48,EQUIP_D719E7897A3E,2023-01-17 08:00:00,preventive,0.97,0.978
ME_4257815EF45E,EQUIP_D719E7897A3E,2023-02-01 00:00:00,emergency,17.64,0.543
ME_526AD2F6911B,EQUIP_D719E7897A3E,2023-02-27 05:00:00,corrective,8.38,0.82
ME_910680440E68,EQUIP_D719E7897A3E,2023-03-13 08:00:00,preventive,1.44,0.928
ME_1F9F61708609,EQUIP_D719E7897A3E,2023-04-28 14:00:00,preventive,1.35,0.951
ME_AEA1664F1252,EQUIP_D719E7897A3E,2023-05-14 07:00:00,emergency,6.28,0.656
ME_2A812452DEA7,EQUIP_D719E7897A3E,2023-05-15 10:00:00,corrective,1.76,0.827
ME_13A4F4A6E446,EQUIP_D719E7897A3E,2023-06-12 16:00:00,preventive,1.3,0.985
ME_CB544027A26F,EQUIP_D719E7897A3E,2023-07-19 16:00:00,preventive,1.18,0.947
ME_29C4B2A9D875,EQUIP_D719E7897A3E,2023-08-29 11:00:00,emergency,2.7,0.493
ME_7C08C586492C,EQUIP_D719E7897A3E,2023-09-07 19:00:00,emergency,6.42,0.695
ME_E7BA736CEF84,EQUIP_D719E7897A3E,2023-09-09 16:00:00,preventive,1.41,0.889
ME_5FCACDA2CE21,EQUIP_D719E7897A3E,2023-10-25 18:00:00,preventive,1.21,0.941
ME_2C33B4112AD9,EQUIP_D719E7897A3E,2023-10-26 00:00:00,emergency,12.25,0.546
ME_BED9A7089B9E,EQUIP_D719E7897A3E,2023-11-11 15:00:00,emergency,5.43,0.647
ME_5D8AA3760C9F,EQUIP_D719E7897A3E,2023-11-23 03:00:00,emergency,40.45,0.668
ME_3A647ECBA61F,EQUIP_D719E7897A3E,2023-11-26 03:00:00,corrective,5.07,0.777
ME_E09F40EA6657,EQUIP_D719E7897A3E,2023-12-11 14:00:00,preventive,0.54,0.949
ME_50F6535E7435,EQUIP_D89C1B1F0DFA,2023-03-04 18:00:00,corrective,3.32,0.893
ME_083DD83C2065,EQUIP_D89C1B1F0DFA,2023-03-31 18:00:00,preventive,0.91,0.947
ME_809307A157F3,EQUIP_D89C1B1F0DFA,2023-04-23 16:00:00,corrective,5.6,0.845
ME_0CEC84D187F9,EQUIP_D89C1B1F0DFA,2023-10-21 12:00:00,preventive,1.01,0.937
ME_EC55F2BD0F67,EQUIP_D9E9C68B8F55,2023-02-12 09:00:00,preventive,0.63,0.978
ME_30866AE9D9E1,EQUIP_D9E9C68B8F55,2023-05-27 10:00:00,preventive,0.87,0.979
ME_31CB5725CBD7,EQUIP_D9E9C68B8F55,2023-08-10 10:00:00,preventive,2.26,0.935
ME_94D3DE1F689D,EQUIP_D9E9C68B8F55,2023-11-24 07:00:00,preventive,1.1,0.905
ME_59AAD89A6949,EQUIP_DA7A37F30F40,2023-02-07 14:00:00,preventive,0.61,0.923
ME_A75F64F2CA53,EQUIP_DA7A37F30F40,2023-04-04 16:00:00,preventive,0.69,0.929
ME_CF09E2FF9CA7,EQUIP_DA7A37F30F40,2023-05-27 10:00:00,preventive,0.74,0.92
ME_8AE2B92B1FD3,EQUIP_DA7A37F30F40,2023-08-05 11:00:00,preventive,1.14,0.977
ME_952952004F7B,EQUIP_DA7A37F30F40,2023-09-28 08:00:00,preventive,0.56,0.976
ME_A5E86DB026FF,EQUIP_DA7A37F30F40,2023-11-26 13:00:00,preventive,0.96,0.953
ME_DB241782D74B,EQUIP_DA7A37F30F40,2023-12-20 01:00:00,emergency,10.23,0.627
ME_AE9E78333730,EQUIP_DCD248D8DB34,2023-02-26 14:00:00,preventive,0.88,0.979
ME_1CAD9F8A23BF,EQUIP_DCD248D8DB34,2023-03-13 11:00:00,emergency,21.04,0.487
ME_8D022ECA9583,EQUIP_DCD248D8DB34,2023-05-20 17:00:00,preventive,0.57,0.933
ME_49ECF23A646C,EQUIP_DCD248D8DB34,2023-07-05 11:00:00,emergency,5.71,0.582
ME_DC2EA7673F6C,EQUIP_DCD248D8DB34,2023-08-09 14:00:00,preventive,1.29,0.986
ME_A5CE49E2B29F,EQUIP_DCD248D8DB34,2023-11-27 11:00:00,preventive,0.6,0.915
ME_058AEBAFEBCB,EQUIP_DCD248D8DB34,2023-12-12 00:00:00,emergency,2.15,0.689
ME_8B14DA6E6D3B,EQUIP_DF2993EF46C5,2023-01-29 18:00:00,preventive,0.78,0.978
ME_5AC15BF434FF,EQUIP_DF2993EF46C5,2023-03-03 18:00:00,preventive,1.06,0.972
ME_36F45D31FFF7,EQUIP_DF2993EF46C5,2023-03-22 23:00:00,emergency,11.67,0.496
ME_3EBBC611D284,EQUIP_DF2993EF46C5,2023-04-20 18:00:00,preventive,1.14,0.927
ME_EA3FBC3049B1,EQUIP_DF2993EF46C5,2023-06-05 17:00:00,preventive,1.0,0.919
ME_69550BC311A7,EQUIP_DF2993EF46C5,2023-07-29 18:00:00,preventive,0.8,0.915
ME_27D5AE98FB66,EQUIP_DF2993EF46C5,2023-09-02 15:00:00,preventive,1.78,0.985
ME_B4B3D4229386,EQUIP_DF2993EF46C5,2023-10-18 15:00:00,preventive,0.58,0.942
ME_2FE36A14AE96,EQUIP_DF2993EF46C5,2023-12-10 08:00:00,preventive,0.43,0.977
ME_9254B549EAA6,EQUIP_E0AE8E46F193,2023-02-01 11:00:00,emergency,12.26,0.512
ME_91622B2B73C1,EQUIP_E0AE8E46F193,2023-02-04 07:00:00,preventive,0.73,0.93
ME_7E31D6F61796,EQUIP_E0AE8E46F193,2023-04-04 20:00:00,corrective,10.61,0.784
ME_E07C1A3D9C2A,EQUIP_E0AE8E46F193,2023-05-22 08:00:00,preventive,0.86,0.973
ME_F6CED13008AB,EQUIP_E0AE8E46F193,2023-08-19 15:00:00,preventive,1.02,0.948
ME_A11F0CD8C7C8,EQUIP_E0AE8E46F193,2023-10-06 17:00:00,corrective,3.65,0.857
ME_CBDF70049176,EQUIP_E0AE8E46F193,2023-11-26 17:00:00,preventive,1.07,0.955
ME_9A9A7F06A28C,EQUIP_E0AE8E46F193,2023-12-30 19:00:00,emergency,3.51,0.478
ME_E7CA94046129,EQUIP_E12A8694741E,2023-02-08 10:00:00,preventive,0.65,0.95
ME_EFBB84B9A7B0,EQUIP_E12A8694741E,2023-05-24 15:00:00,preventive,1.13,0.924
ME_375F241849DC,EQUIP_E12A8694741E,2023-08-11 21:00:00,emergency,1.84,0.462
ME_E0201F6407B0,EQUIP_E12A8694741E,2023-08-15 07:00:00,preventive,0.83,0.967
ME_14E86697A980,EQUIP_E12A8694741E,2023-09-27 05:00:00,emergency,6.12,0.679
ME_83F441F6F027,EQUIP_E12A8694741E,2023-11-22 14:00:00,preventive,0.93,0.958
ME_1D6A144658AF,EQUIP_E164A7D3C6B0,2023-01-13 14:00:00,corrective,5.99,0.865
ME_CDF133D76EC1,EQUIP_E164A7D3C6B0,2023-04-23 09:00:00,preventive,1.43,0.954
ME_74C35342800F,EQUIP_E164A7D3C6B0,2023-05-21 13:00:00,emergency,23.33,0.467
ME_83E91809D8F7,EQUIP_E164A7D3C6B0,2023-10-09 13:00:00,preventive,0.73,0.949
ME_8559CF634A90,EQUIP_E164A7D3C6B0,2023-12-09 02:00:00,corrective,4.24,0.897
ME_03E7C49D7C2B,EQUIP_E273FAFAD514,2023-02-25 15:00:00,preventive,0.99,0.951
ME_EFFE59CC0BA9,EQUIP_E273FAFAD514,2023-05-23 18:00:00,preventive,0.59,0.996
ME_268C11B171F6,EQUIP_E273FAFAD514,2023-08-13 11:00:00,preventive,1.2,0.966
ME_960D209AED39,EQUIP_E273FAFAD514,2023-10-20 21:00:00,emergency,12.08,0.591
ME_ACB6EFA9CE88,EQUIP_E273FAFAD514,2023-11-15 12:00:00,preventive,2.09,0.976
ME_6800891BE5E2,EQUIP_E3483C6CEEB7,2023-01-27 03:00:00,emergency,3.57,0.484
ME_6B453AFD085A,EQUIP_E3483C6CEEB7,2023-03-28 09:00:00,preventive,1.32,0.981
ME_7D6F486867E3,EQUIP_E3483C6CEEB7,2023-04-27 00:00:00,emergency,28.52,0.619
ME_342A8A076341,EQUIP_E3483C6CEEB7,2023-05-20 05:00:00,corrective,2.54,0.774
ME_4BB1F86548CB,EQUIP_E3483C6CEEB7,2023-06-25 22:00:00,emergency,3.31,0.642
ME_232D66DB3F4E,EQUIP_E3483C6CEEB7,2023-09-10 12:00:00,preventive,1.34,0.957
ME_2AB4ECABDDF3,EQUIP_E3483C6CEEB7,2023-11-05 16:00:00,emergency,16.35,0.447
ME_AC2BDA5211D8,EQUIP_E3483C6CEEB7,2023-11-08 13:00:00,emergency,9.49,0.711
ME_A81B22D1FF49,EQUIP_E580E4A31A15,2023-02-02 10:00:00,preventive,1.4,0.955
ME_0E3534BE54DF,EQUIP_E580E4A31A15,2023-04-08 17:00:00,preventive,1.5,0.934
ME_3F64DF5E39EA,EQUIP_E580E4A31A15,2023-05-28 07:00:00,preventive,1.09,0.987
ME_F04EAFA2384E,EQUIP_E580E4A31A15,2023-06-17 07:00:00,corrective,3.2,0.729
ME_4EA987B29392,EQUIP_E580E4A31A15,2023-07-25 17:00:00,preventive,0.98,0.995
ME_4A3C2B07466E,EQUIP_E580E4A31A15,2023-08-08 23:00:00,corrective,2.61,0.89
ME_79D7D8A3BDFB,EQUIP_E580E4A31A15,2023-10-03 18:00:00,preventive,1.56,0.943
ME_E942731B5E71,EQUIP_E580E4A31A15,2023-11-30 14:00:00,preventive,1.18,0.941
ME_931A563C600D,EQUIP_E580F0EEBF9B,2023-02-01 14:00:00,preventive,1.22,0.975
ME_0A441226F082,EQUIP_E580F0EEBF9B,2023-04-03 15:00:00,preventive,1.9,0.965
ME_30171C57C643,EQUIP_E580F0EEBF9B,2023-05-26 09:00:00,preventive,1.04,0.976
ME_D31C6F9358F2,EQUIP_E580F0EEBF9B,2023-06-29 09:00:00,corrective,4.51,0.794
ME_3CA4930CEEA7,EQUIP_E580F0EEBF9B,2023-08-03 15:00:00,preventive,1.06,0.951
ME_5249042A594B,EQUIP_E580F0EEBF9B,2023-08-11 16:00:00,corrective,2.91,0.844
ME_85190705BDF6,EQUIP_E580F0EEBF9B,2023-09-28 08:00:00,preventive,0.76,0.881
ME_53AF0E212EF1,EQUIP_E580F0EEBF9B,2023-11-24 17:00:00,preventive,1.05,0.955
ME_163212235BF8,EQUIP_E67EECB3C72C,2023-04-07 10:00:00,preventive,1.2,0.929
ME_E1E24E7B1A17,EQUIP_E67EECB3C72C,2023-09-11 15:00:00,preventive,1.93,0.94
ME_B5AD60936C8C,EQUIP_E67EECB3C72C,2023-11-05 20:00:00,corrective,4.34,0.703
ME_D185E146AE54,EQUIP_E87A0AB02C8E,2023-03-30 12:00:00,preventive,1.0,0.983
ME_3DDD6C80521E,EQUIP_E87A0AB02C8E,2023-05-22 18:00:00,emergency,3.46,0.567
ME_1718B56AFFEC,EQUIP_E87A0AB02C8E,2023-07-16 13:00:00,emergency,9.49,0.582
ME_1A461D26925D,EQUIP_E87A0AB02C8E,2023-09-01 01:00:00,emergency,10.84,0.638
ME_F3594649C194,EQUIP_E87A0AB02C8E,2023-09-24 10:00:00,emergency,4.44,0.508
ME_6ED8929611FC,EQUIP_E87A0AB02C8E,2023-10-21 07:00:00,preventive,1.04,0.904
ME_DF6788EEE3D2,EQUIP_E87A0AB02C8E,2023-12-09 03:00:00,emergency,21.73,0.546
ME_2552C9C98F1A,EQUIP_EAFC4FC20D2B,2023-03-29 00:00:00,corrective,5.9,0.807
ME_59A00DF7C59A,EQUIP_EAFC4FC20D2B,2023-04-12 18:00:00,preventive,1.63,0.974
ME_6662C479C926,EQUIP_EAFC4FC20D2B,2023-06-13 10:00:00,corrective,2.2,0.749
ME_D1664703DBFE,EQUIP_EAFC4FC20D2B,2023-09-12 12:00:00,preventive,0.93,0.972
ME_1A0E0C0C233E,EQUIP_EB72BEB2F9FB,2023-03-21 17:00:00,preventive,0.92,0.943
ME_CF0310B6422E,EQUIP_EB72BEB2F9FB,2023-09-17 16:00:00,preventive,0.86,0.885
ME_99AD2B01B5D5,EQUIP_EBE62BBD6C5A,2023-01-24 17:00:00,preventive,1.5,0.966
ME_294290291E73,EQUIP_EBE62BBD6C5A,2023-04-02 16:00:00,preventive,1.14,0.988
ME_091D3BB40256,EQUIP_EBE62BBD6C5A,2023-04-11 16:00:00,corrective,4.07,0.803
ME_7750CC0C9069,EQUIP_EBE62BBD6C5A,2023-06-03 09:00:00,preventive,0.94,0.975
ME_869FD7917812,EQUIP_EBE62BBD6C5A,2023-08-01 12:00:00,preventive,0.62,0.903
ME_CF06646217A4,EQUIP_EBE62BBD6C5A,2023-08-08 11:00:00,emergency,4.8,0.516
ME_24703EE8AFB6,EQUIP_EBE62BBD6C5A,2023-09-26 13:00:00,preventive,1.32,0.957
ME_55A21558D9B0,EQUIP_EBE62BBD6C5A,2023-12-08 10:00:00,preventive,1.72,0.965
ME_D98B595ACC99,EQUIP_ECD16FBBD958,2023-01-24 10:00:00,preventive,2.27,0.944
ME_F979B6CE5A46,EQUIP_ECD16FBBD958,2023-03-27 10:00:00,preventive,1.84,0.922
ME_E033214D6FCD,EQUIP_ECD16FBBD958,2023-06-09 16:00:00,preventive,1.3,0.985
ME_383F95400A5A,EQUIP_ECD16FBBD958,2023-08-03 17:00:00,preventive,0.82,0.917
ME_7772670A23B3,EQUIP_ECD16FBBD958,2023-09-05 09:00:00,emergency,30.33,0.613
ME_F065F2CFD276,EQUIP_ECD16FBBD958,2023-10-05 13:00:00,preventive,0.93,0.987
ME_4EBBACB884B2,EQUIP_ECD16FBBD958,2023-11-24 10:00:00,preventive,1.02,0.972
ME_DD4AC93DA65F,EQUIP_ED2793E89B0A,2023-02-04 10:00:00,preventive,1.25,0.99
ME_ED36142DFE22,EQUIP_ED2793E89B0A,2023-03-26 13:00:00,preventive,1.56,0.9
ME_06E250665A47,EQUIP_ED2793E89B0A,2023-05-27 11:00:00,preventive,0.69,0.899
ME_C44A5772733E,EQUIP_ED2793E89B0A,2023-08-07 09:00:00,preventive,0.52,0.97
ME_9BAEA32700DB,EQUIP_ED2793E89B0A,2023-08-10 20:00:00,corrective,1.7,0.815
ME_1A7D31D298BB,EQUIP_ED2793E89B0A,2023-09-11 17:00:00,corrective,4.05,0.873
ME_50EDF61A6C80,EQUIP_ED2793E89B0A,2023-10-06 12:00:00,preventive,1.14,0.938
ME_929382375212,EQUIP_ED2793E89B0A,2023-12-07 14:00:00,preventive,1.78,0.982
ME_1B8EE15EE6D1,EQUIP_EEA025F387B0,2023-02-25 09:00:00,preventive,1.08,0.979
ME_A2CA257E4FA6,EQUIP_EEA025F387B0,2023-05-22 07:00:00,preventive,0.77,0.971
ME_8EAA7F0EA03D,EQUIP_EEA025F387B0,2023-06-03 11:00:00,corrective,5.03,0.852
ME_088D820B0209,EQUIP_EEA025F387B0,2023-08-22 12:00:00,preventive,1.52,0.906
ME_637E34D11DF5,EQUIP_EEA025F387B0,2023-08-28 14:00:00,emergency,2.95,0.76
ME_9FB61D115ADC,EQUIP_EEA025F387B0,2023-11-07 10:00:00,preventive,1.08,0.899
ME_5301B41A01FA,EQUIP_EEA025F387B0,2023-12-13 00:00:00,corrective,7.75,0.817
ME_47065D60F49E,EQUIP_EF02A3E01B27,2023-03-20 11:00:00,preventive,0.46,0.964
ME_A8AB9DD7E947,EQUIP_EF02A3E01B27,2023-05-02 21:00:00,corrective,0.66,0.723
ME_5A4D1B839286,EQUIP_EF02A3E01B27,2023-10-11 11:00:00,preventive,0.71,0.932
ME_6DD041B8AABF,EQUIP_EF3BDDCAAA2B,2023-01-30 14:00:00,preventive,0.8,0.938
ME_1A81FF53D549,EQUIP_EF3BDDCAAA2B,2023-04-09 08:00:00,preventive,0.74,0.931
ME_A81BB91D2A06,EQUIP_EF3BDDCAAA2B,2023-06-01 08:00:00,preventive,1.69,0.988
ME_39B76D46B460,EQUIP_EF3BDDCAAA2B,2023-08-03 07:00:00,preventive,0.85,0.869
ME_DB6A41C8EA4A,EQUIP_EF3BDDCAAA2B,2023-09-30 15:00:00,preventive,0.93,0.971
ME_8ED5D609240A,EQUIP_EF3BDDCAAA2B,2023-11-28 09:00:00,preventive,0.75,0.961
ME_32744697A457,EQUIP_EF3BDDCAAA2B,2023-11-29 12:00:00,emergency,4.63,0.48
ME_C3903853B6AD,EQUIP_EFB51BE8B758,2023-01-31 13:00:00,preventive,0.99,0.97
ME_334537C66092,EQUIP_EFB51BE8B758,2023-04-05 10:00:00,preventive,0.86,0.867
ME_C38F0F980DEE,EQUIP_EFB51BE8B758,2023-04-10 12:00:00,emergency,11.96,0.583
ME_5C5AA8F16BAF,EQUIP_EFB51BE8B758,2023-05-29 13:00:00,preventive,1.38,0.896
ME_D0A16B9AE5E0,EQUIP_EFB51BE8B758,2023-07-04 02:00:00,emergency,4.8,0.442
ME_D184277E3325,EQUIP_EFB51BE8B758,2023-08-05 09:00:00,preventive,0.44,0.942
ME_E540E79C3973,EQUIP_EFB51BE8B758,2023-10-03 16:00:00,preventive,1.41,0.98
ME_C2E45181878A,EQUIP_EFB51BE8B758,2023-11-06 01:00:00,corrective,2.34,0.842
ME_D4004760ECC4,EQUIP_EFB51BE8B758,2023-11-14 10:00:00,corrective,2.13,0.6
ME_20E11FDD224A,EQUIP_EFB51BE8B758,2023-11-27 13:00:00,preventive,0.98,0.986
ME_5F30E5F027ED,EQUIP_F06BC8F9DEC6,2023-02-04 12:00:00,preventive,1.16,0.952
ME_E70F1B96CA31,EQUIP_F06BC8F9DEC6,2023-04-22 11:00:00,preventive,1.61,0.95
ME_BF8A4C772E10,EQUIP_F06BC8F9DEC6,2023-06-28 07:00:00,preventive,0.67,0.988
ME_42E283A6C7BB,EQUIP_F06BC8F9DEC6,2023-09-06 18:00:00,preventive,0.99,0.932
ME_8E1EE1E3ABF1,EQUIP_F06BC8F9DEC6,2023-11-16 16:00:00,preventive,1.32,0.954
ME_205750FA3AB0,EQUIP_F121D3684D08,2023-01-20 11:00:00,corrective,8.89,0.837
ME_EFF8C4943044,EQUIP_F121D3684D08,2023-02-21 15:00:00,preventive,1.19,0.882
ME_D239AA8AB5E1,EQUIP_F121D3684D08,2023-06-11 18:00:00,corrective,8.81,0.826
ME_414A904EA4BA,EQUIP_F121D3684D08,2023-06-30 11:00:00,preventive,0.96,0.974
ME_98F97EE8EE3D,EQUIP_F121D3684D08,2023-11-13 13:00:00,preventive,1.43,0.966
ME_99A544A4CBCD,EQUIP_F1BF5F0A485A,2023-02-20 14:00:00,preventive,1.02,0.948
ME_FDD55439CDF7,EQUIP_F1BF5F0A485A,2023-05-13 16:00:00,corrective,3.02,0.704
ME_F1332D0F88D0,EQUIP_F1BF5F0A485A,2023-06-18 18:00:00,preventive,0.65,0.981
ME_C2853E624686,EQUIP_F1BF5F0A485A,2023-09-10 17:00:00,corrective,3.85,0.791
ME_B3627F556983,EQUIP_F1BF5F0A485A,2023-10-27 10:00:00,preventive,0.59,0.933
ME_35E151188731,EQUIP_F1BF5F0A485A,2023-12-25 03:00:00,corrective,4.75,0.785
ME_541CDF763A27,EQUIP_F293F34C62BC,2023-01-28 07:00:00,preventive,1.34,0.921
ME_E6E8753DA969,EQUIP_F293F34C62BC,2023-04-07 12:00:00,preventive,1.16,0.935
ME_7933D98E962F,EQUIP_F293F34C62BC,2023-06-03 11:00:00,preventive,1.05,0.944
ME_9B73F3771E1A,EQUIP_F293F34C62BC,2023-08-01 17:00:00,preventive,0.38,0.966
ME_44EA1B7FB8E7,EQUIP_F293F34C62BC,2023-08-07 00:00:00,corrective,5.27,0.769
ME_399F0B2D54D2,EQUIP_F293F34C62BC,2023-10-06 11:00:00,preventive,1.52,0.915
ME_5AEAF3FE83AB,EQUIP_F293F34C62BC,2023-12-03 13:00:00,preventive,0.63,0.895
ME_724FC6B923B8,EQUIP_F3F67D0819FB,2023-02-12 18:00:00,emergency,20.58,0.55
ME_C258813FD514,EQUIP_F3F67D0819FB,2023-02-15 13:00:00,corrective,3.67,0.847
ME_0F3FDCB6CBBD,EQUIP_F3F67D0819FB,2023-04-18 07:00:00,preventive,1.02,0.952
ME_B24071C1728B,EQUIP_F3F67D0819FB,2023-10-04 10:00:00,preventive,1.08,0.947
ME_00FA4A76A807,EQUIP_F3F67D0819FB,2023-10-15 17:00:00,emergency,18.72,0.503
ME_C8928B882B9E,EQUIP_F4542D56FED0,2023-02-02 15:00:00,preventive,0.69,0.989
ME_090E9991ED00,EQUIP_F4542D56FED0,2023-03-27 14:00:00,preventive,1.24,0.987
ME_0D6D869C1465,EQUIP_F4542D56FED0,2023-06-06 18:00:00,preventive,1.0,0.983
ME_E42FD9576B90,EQUIP_F4542D56FED0,2023-08-05 15:00:00,preventive,1.42,0.894
ME_36BF7039168C,EQUIP_F4542D56FED0,2023-10-05 17:00:00,preventive,0.96,0.977
ME_D4770417AAC4,EQUIP_F4542D56FED0,2023-12-03 08:00:00,preventive,0.86,0.968
ME_14287D070B97,EQUIP_F5EEEA9760E5,2023-01-12 03:00:00,corrective,7.42,0.836
ME_A71576369E0E,EQUIP_F5EEEA9760E5,2023-02-10 11:00:00,preventive,1.28,0.961
ME_6EC3583C4E06,EQUIP_F5EEEA9760E5,2023-05-21 12:00:00,preventive,1.11,0.955
ME_7E97E1EA8874,EQUIP_F5EEEA9760E5,2023-07-24 19:00:00,corrective,3.82,0.807
ME_8515AFA1486A,EQUIP_F5EEEA9760E5,2023-08-07 20:00:00,corrective,4.18,0.842
ME_C5DDFEE9D473,EQUIP_F5EEEA9760E5,2023-08-24 16:00:00,preventive,1.53,0.982
ME_08DFC3339858,EQUIP_F5EEEA9760E5,2023-11-18 18:00:00,preventive,1.02,0.977
ME_29BED034807F,EQUIP_F87DEA3F24E6,2023-01-31 08:00:00,preventive,1.53,0.954
ME_966B828E150C,EQUIP_F87DEA3F24E6,2023-04-13 15:00:00,preventive,0.89,0.876
ME_25D7F698946F,EQUIP_F87DEA3F24E6,2023-04-22 08:00:00,emergency,8.21,0.705
ME_CD0CE6E550F8,EQUIP_F87DEA3F24E6,2023-04-23 10:00:00,emergency,6.52,0.501
ME_B1AC7D3742ED,EQUIP_F87DEA3F24E6,2023-05-13 10:00:00,emergency,3.4,0.553
ME_EC4DA3063040,EQUIP_F87DEA3F24E6,2023-06-08 14:00:00,emergency,5.81,0.691
ME_AFBF52DE8445,EQUIP_F87DEA3F24E6,2023-06-21 07:00:00,emergency,10.67,0.633
ME_E14060867F9C,EQUIP_F87DEA3F24E6,2023-06-21 08:00:00,preventive,0.75,0.922
ME_39FCBA5D7FCE,EQUIP_F87DEA3F24E6,2023-09-08 06:00:00,emergency,9.53,0.676
ME_A58F5D88DD93,EQUIP_F87DEA3F24E6,2023-09-17 11:00:00,preventive,1.13,0.974
ME_9A8FC8B8F1F4,EQUIP_F87DEA3F24E6,2023-11-16 00:00:00,emergency,23.0,0.363
ME_7E2D1AF660E4,EQUIP_F87DEA3F24E6,2023-11-27 16:00:00,preventive,0.85,0.984
ME_B3D235217DBF,EQUIP_F9D0A57BEA5A,2023-02-12 18:00:00,preventive,1.34,0.953
ME_18815F360EFA,EQUIP_F9D0A57BEA5A,2023-03-07 01:00:00,emergency,23.29,0.604
ME_2EC6C8F5C10D,EQUIP_F9D0A57BEA5A,2023-04-12 16:00:00,preventive,0.84,0.98
ME_06ED66AC1979,EQUIP_F9D0A57BEA5A,2023-07-13 14:00:00,preventive,0.96,0.977
ME_241023B73B77,EQUIP_F9D0A57BEA5A,2023-09-03 08:00:00,emergency,30.79,0.388
ME_21BAB8C2AE4C,EQUIP_F9D0A57BEA5A,2023-09-23 11:00:00,preventive,1.1,0.995
ME_DF6904FE5227,EQUIP_F9D0A57BEA5A,2023-11-29 12:00:00,preventive,0.96,0.955
ME_1960CD97D915,EQUIP_FAE54C33E7A3,2023-01-25 03:00:00,corrective,1.08,0.865
ME_E7BDF8869243,EQUIP_FAE54C33E7A3,2023-02-03 09:00:00,preventive,1.62,0.959
ME_D99B13931005,EQUIP_FAE54C33E7A3,2023-04-06 18:00:00,preventive,0.81,0.988
ME_75A7EEE2B92C,EQUIP_FAE54C33E7A3,2023-06-02 14:00:00,preventive,0.53,0.937
ME_0FB9052F0DC5,EQUIP_FAE54C33E7A3,2023-08-02 14:00:00,preventive,1.19,0.99
ME_ACFD626E3C50,EQUIP_FAE54C33E7A3,2023-09-26 19:00:00,corrective,3.42,0.878
ME_9956A7EE1FB8,EQUIP_FAE54C33E7A3,2023-10-07 17:00:00,preventive,0.87,0.913
ME_3012FEF98D25,EQUIP_FAE54C33E7A3,2023-11-30 17:00:00,preventive,1.06,0.955
ME_05B776AE33E2,EQUIP_FC70EB2C23E4,2023-01-22 06:00:00,emergency,30.8,0.512
ME_EE394EF65C29,EQUIP_FC70EB2C23E4,2023-01-26 09:00:00,preventive,0.94,0.952
ME_E342C0AFA235,EQUIP_FC70EB2C23E4,2023-03-03 12:00:00,preventive,1.78,0.941
ME_390169F40802,EQUIP_FC70EB2C23E4,2023-03-05 05:00:00,emergency,7.26,0.646
ME_D428360E7065,EQUIP_FC70EB2C23E4,2023-04-24 07:00:00,preventive,1.22,0.945
ME_F66B794F3723,EQUIP_FC70EB2C23E4,2023-06-05 09:00:00,preventive,0.6,0.98
ME_FC700A68CB5B,EQUIP_FC70EB2C23E4,2023-06-05 18:00:00,emergency,4.84,0.561
ME_3686FFEEB5A6,EQUIP_FC70EB2C23E4,2023-07-23 13:00:00,preventive,1.05,0.924
ME_EEBAF9D7EF91,EQUIP_FC70EB2C23E4,2023-08-12 06:00:00,emergency,6.57,0.483
ME_9756F71CB933,EQUIP_FC70EB2C23E4,2023-09-15 11:00:00,preventive,0.78,0.886
ME_D7ECF7C3BA51,EQUIP_FC70EB2C23E4,2023-10-18 15:00:00,preventive,1.3,0.932
ME_17596F9E3E7F,EQUIP_FC70EB2C23E4,2023-12-16 15:00:00,preventive,2.67,0.974
ME_1537F963A32B,EQUIP_FC70EB2C23E4,2023-12-21 23:00:00,emergency,4.15,0.438
ME_A2C481CAF63F,EQUIP_FC92853B150D,2023-02-17 17:00:00,preventive,0.55,0.908
ME_009322C7FC6D,EQUIP_FC92853B150D,2023-05-28 14:00:00,preventive,1.5,0.971
ME_5F6A362419E8,EQUIP_FC92853B150D,2023-08-19 09:00:00,preventive,0.55,0.981
ME_0E5AFE0D725D,EQUIP_FC92853B150D,2023-11-27 08:00:00,preventive,1.21,0.96
ME_7FC8DDC97E07,EQUIP_FD7C64ADA7C7,2023-02-19 14:00:00,preventive,0.6,0.975
ME_E69E1BF6E8DC,EQUIP_FD7C64ADA7C7,2023-04-07 13:00:00,emergency,2.94,0.422
ME_72B7D46F031B,EQUIP_FD7C64ADA7C7,2023-05-21 23:00:00,corrective,3.54,0.848
ME_2FC45C113EB6,EQUIP_FD7C64ADA7C7,2023-07-05 09:00:00,preventive,0.78,0.916
ME_BF7407898B97,EQUIP_FD7C64ADA7C7,2023-10-29 11:00:00,preventive,0.62,0.983
ME_E407290DD809,EQUIP_FDC43F3506EC,2023-02-19 23:00:00,corrective,18.73,0.73
ME_BE163A0D8300,EQUIP_FDC43F3506EC,2023-03-30 08:00:00,preventive,0.85,0.955
ME_5BF51C425782,EQUIP_FDC43F3506EC,2023-09-24 13:00:00,preventive,0.79,0.931
ME_FDB96A67AD8A,EQUIP_FEB5326543CC,2023-02-06 16:00:00,preventive,0.67,0.909
ME_B6ED71648F3E,EQUIP_FEB5326543CC,2023-03-15 09:00:00,corrective,4.72,0.622
ME_40804697F8C5,EQUIP_FEB5326543CC,2023-04-10 07:00:00,corrective,2.37,0.726
ME_E433D28C434B,EQUIP_FEB5326543CC,2023-05-17 13:00:00,preventive,1.73,0.965
ME_7AEFD3314D2C,EQUIP_FEB5326543CC,2023-08-22 07:00:00,preventive,1.82,0.976
ME_46F7E3A0E3EC,EQUIP_FEB5326543CC,2023-11-23 11:00:00,preventive,1.34,0.949
ME_2D52C09B0F2B,EQUIP_FFD9FAE22B87,2023-02-13 12:00:00,preventive,1.24,0.984
ME_5471DC8B0656,EQUIP_FFD9FAE22B87,2023-04-14 17:00:00,preventive,1.42,0.891
ME_99D56AEE8325,EQUIP_FFD9FAE22B87,2023-04-26 20:00:00,emergency,13.26,0.452
ME_54F6596F8863,EQUIP_FFD9FAE22B87,2023-05-01 19:00:00,emergency,33.75,0.583
ME_7E359790ED19,EQUIP_FFD9FAE22B87,2023-07-13 15:00:00,preventive,1.03,0.981
ME_ADB0545ED42F,EQUIP_FFD9FAE22B87,2023-08-19 18:00:00,emergency,11.38,0.627
ME_D32554BB0F4C,EQUIP_FFD9FAE22B87,2023-09-12 22:00:00,emergency,1.93,0.591
ME_8B15ECB3A0AA,EQUIP_FFD9FAE22B87,2023-09-13 15:00:00,emergency,18.23,0.579
ME_4776D84A45BF,EQUIP_FFD9FAE22B87,2023-09-14 09:00:00,emergency,38.61,0.521
ME_687E09782666,EQUIP_FFD9FAE22B87,2023-09-19 09:00:00,preventive,0.61,0.956
ME_3F507D663A35,EQUIP_FFD9FAE22B87,2023-10-13 05:00:00,emergency,15.99,0.607
ME_A25E3044564E,EQUIP_FFD9FAE22B87,2023-10-13 17:00:00,emergency,6.88,0.443
ME_EB1E67C5B1D6,EQUIP_FFD9FAE22B87,2023-11-22 10:00:00,preventive,1.15,0.982
ME_5286C76C8851,EQUIP_FFD9FAE22B87,2023-12-21 00:00:00,corrective,1.28,0.834
